Line,Context,English,Chinese,Actor
3,001:SC#0001,Game paused. Press SPACEBAR to continue.,遊戲暫停。請按空白鍵繼續。,
4,001:SC#0001,Insert disk %c and press ENTER to continue.,請插入磁片 %c 並按 ENTER 繼續。,
5,001:SC#0001,"Unable to find %02d.LFL, (%c%d). Press ENTER.",找不到 %02d.LFL，(%c%d)。請按 ENTER。,
6,001:SC#0001,"ERROR: Insert disk %c, (%c%d). Press ENTER.",錯誤：請插入磁片 %c，(%c%d)。請按 ENTER。,
7,001:SC#0001,Are you sure you want to restart? (Y or N)Y,確定要重新開始嗎？(Y 或 N)Y,
8,001:SC#0001,Are you sure you want to quit? (Y or N)Y,確定要離開嗎？(Y 或 N)Y,
9,001:SC#0004,(Music off. Sound effects on.),（音樂關上了。音效開啟。）,
10,001:SC#0004,(Music and sound effects off.),（音樂和音效關上了。）,
11,001:SC#0004,(Music and sound effects on.),（音樂和音效開啟。）,
12,001:SC#0004,(Text speed \255\004\165\000.),（文字速度\255\004\165\000.),
13,001:SC#0004,(Normal speed. Full animation.),(正常速度。完整動畫),
14,001:SC#0004,(Fast speed. Limited animation.),(快轉。部分動畫),
15,001:SC#0004,LOOM]^ 1.00 (\255\004\041\000) 14 Mar 91 ,織機]^ 1.00\255\004\041\000) 91 年 3 月,
16,001:SC#0006,\255\006\000\064,\255\006\000\064,
17,001:SC#0007,\255\006\000\064,\255\006\000\064,
18,001:SC#0010,That thread is too high for me!\255\001Guess I need more experience.,那個線程對我來說太高了！\255\001我想我需要更多的經驗。,
19,001:SC#0011,Maybe I ought to stand a bit closer.,也許我應該站近一點。,
20,001:SC#0012,I suppose I ought to point\255\001at something first.,我想我應該指出\255\001首先在某件事上。,
21,001:SC#0017,\016,\016,
22,001:SC#0017,_,_,
23,001:SC#0017,`,`,
24,001:SC#0017,\017,\017,
25,001:SC#0017,_,_,
26,001:SC#0017,`,`,
27,001:SC#0017,\018,\018,
28,001:SC#0017,_,_,
29,001:SC#0017,`,`,
30,001:SC#0017,\019,\019,
31,001:SC#0017,_,_,
32,001:SC#0017,`,`,
33,001:SC#0017,\020,\020,
34,001:SC#0017,_,_,
35,001:SC#0017,`,`,
36,001:SC#0017,\021,\021,
37,001:SC#0017,_,_,
38,001:SC#0017,`,`,
39,001:SC#0017,\022,\022,
40,001:SC#0017,_,_,
41,001:SC#0017,`,`,
42,001:SC#0017,\023,\023,
43,001:SC#0017,<,<,
44,001:SC#0017,=,=,
45,001:SC#0021,Can't spin any drafts in here.\255\001Too much noise!,這裡任何織法都沒用…\255\001實在太吵了！,
46,001:SC#0021,Hmm. I guess that isn't a draft.,我想那不是織法。,
47,001:SC#0025,I don't think I spun that quite right.,我認為我的說法不太正確。,
48,001:SC#0025,That didn't do anything useful.,那沒有做任何有用的事情。,
49,001:SC#0026,\016,\016,
50,001:SC#0026,\017,\017,
51,001:SC#0026,\018,\018,
52,001:SC#0026,\019,\019,
53,001:SC#0026,\020,\020,
54,001:SC#0026,\021,\021,
55,001:SC#0026,\022,\022,
56,001:SC#0026,\023,\023,
57,001:SC#0026,\016,\016,
58,001:SC#0026,\017,\017,
59,001:SC#0026,\018,\018,
60,001:SC#0026,\019,\019,
61,001:SC#0026,\020,\020,
62,001:SC#0026,\021,\021,
63,001:SC#0026,\022,\022,
64,001:SC#0026,\023,\023,
65,001:SC#0034,Those threads didn't feel quite right.,這些線索感覺不太對勁。,
66,001:SC#0034,"Think I'm on the right track, though.",不過，我認為我走在是喔。道路上。,
67,001:SC#0035,\016,\016,
68,001:SC#0035,\017,\017,
69,001:SC#0035,\018,\018,
70,001:SC#0035,\019,\019,
71,001:SC#0035,\020,\020,
72,001:SC#0035,\021,\021,
73,001:SC#0035,\022,\022,
74,001:SC#0035,\023,\023,
75,001:SC#0043,Can't save your game in demo mode. Sorry.,無法在演示模式下儲存遊戲。抱歉,
76,001:SC#0117,The Secret Weave is incorrect.,秘密織法錯誤。,
77,001:SC#0117,Entering demonstration mode.,進入展示模式。,
78,001:SC#0117,Welcome to the Age of the Great Guilds.,歡迎來到偉大公會時代。,
79,002:ON#0154,leaf,葉子,
80,002:OC#0154,Last leaf of the year.,今年最後一片葉子。,Bobbin
81,002:OC#0154,That draft won't work on a leaf.,這個織法在葉子上不起作用。,Bobbin
82,002:ON#0156,sky,天,
83,002:OC#0156,Dawn.,黎明,
84,002:OC#0156,Seems to have closed itself.,好像自己封閉了。,
85,002:OC#0156,I'd have to open it first.,我得先打開它。,
86,002:OC#0156,Got enough light out of it already!,已經有足夠的光線了！,
87,002:OC#0156,"Didn't work. Oh, well.\255\001Dawn's coming anyway.",沒用…嗯…好吧\255\001無論如何，黎明都會到來。,
88,002:OC#0156,That draft won't work on the sky.,這個織法在天空上不起作用。,
89,002:EN#0002,The End,劇終,
90,002:LS#0203,The End,劇終,
91,002:LS#0205,"A Fantasy by Brian Moriarty\255\001\255\001Illustrated by Mark Ferrari.\255\001256 color artwork by\255\001Avril Harrison, James Dollar\255\001Steve Purcell, and Mike Ebert","A Fantasy by Brian Moriarty\255\001\255\001Illustrated by Mark Ferrari.\255\001256 color artwork by\255\001Avril Harrison, James Dollar\255\001Steve Purcell, and Mike Ebert",
92,002:LS#0206,Characters Designed and Animated by\255\001Gary Winnick and Steve Purcell,Characters Designed and Animated by\255\001Gary Winnick and Steve Purcell,
93,002:LS#0207,"Visual Effects Animation by\255\001Ken Macklin, Gary Winnick, Steve Purcell\255\001and Mark Ferrari\255\001256 color enhancements by Brent Anderson","Visual Effects Animation by\255\001Ken Macklin, Gary Winnick, Steve Purcell\255\001and Mark Ferrari\255\001256 color enhancements by Brent Anderson",
94,002:LS#0208,Music of Tchaikovsky\255\001Transcribed by George Alistair Sanger\255\001and Gary Hammond,Music of Tchaikovsky\255\001Transcribed by George Alistair Sanger\255\001and Gary Hammond,
95,002:LS#0209,"FUJITSU TOWNS CONVERSION\255\001\255\001CD Music by\255\001Earwax Productions, San Francisco\255\001\255\001Sound Effects by\255\001Earwax Productions and Jim Leiterman","FUJITSU TOWNS CONVERSION\255\001\255\001CD Music by\255\001Earwax Productions, San Francisco\255\001\255\001Sound Effects by\255\001Earwax Productions and Jim Leiterman",
96,002:LS#0210,Additional Programming by\255\001Kalani Streicher,Additional Programming by\255\001Kalani Streicher,
97,002:LS#0211,SCUMM Story System by\255\001Ron Gilbert and Aric Wilmunder,SCUMM Story System by\255\001Ron Gilbert and Aric Wilmunder,
98,002:LS#0212,"Fujitsu Towns\015 Edition by\255\001Jim Leiterman, Jenny Sward and Sean Clark","Fujitsu Towns\015 Edition by\255\001Jim Leiterman, Jenny Sward and Sean Clark",
99,002:LS#0213,Lead Tester\255\001Kirk Roulston\255\001\255\001Fujitsu Towns\015 Lead Tester\255\001Jon Van,Lead Tester\255\001Kirk Roulston\255\001\255\001Fujitsu Towns\015 Lead Tester\255\001Jon Van,
100,002:LS#0214,"Testers\255\001Bret Barrett, Terry Bratcher, Tom Canham,\255\001Eric Christensen, Carla Green, Jon Gubman,\255\001Tony Hsieh, Tim Huber, Eric Liu","Testers\255\001Bret Barrett, Terry Bratcher, Tom Canham,\255\001Eric Christensen, Carla Green, Jon Gubman,\255\001Tony Hsieh, Tim Huber, Eric Liu",
101,002:LS#0215,"Testers\255\001Judith Lucero Turchi, Ezra Palmer-Persen,\255\001Alice Rosen, Jenny Sward, Aileen Treadwell,\255\001Dave Popovich, Steven Saunders, Maniac Maxo,\255\001Aaron Muszalski, James Hampton\255\001Marc Cartwright and Jo Ashburn","Testers\255\001Judith Lucero Turchi, Ezra Palmer-Persen,\255\001Alice Rosen, Jenny Sward, Aileen Treadwell,\255\001Dave Popovich, Steven Saunders, Maniac Maxo,\255\001Aaron Muszalski, James Hampton\255\001Marc Cartwright and Jo Ashburn",
102,002:LS#0216,\255\001Produced by Gregory D. Hammond\255\001\255\001Fujitsu Towns\015 Project Directed by\255\001Douglas Crockford\255\001The guy in the white coat!,\255\001Produced by Gregory D. Hammond\255\001\255\001Fujitsu Towns\015 Project Directed by\255\001Douglas Crockford\255\001The guy in the white coat!,
103,002:LS#0217,"Thanks to Noah Falstein, David Fox,\255\001Akila J. Redmer, James Wood, Andrea Siegel\255\001and Orson Scott Card","Thanks to Noah Falstein, David Fox,\255\001Akila J. Redmer, James Wood, Andrea Siegel\255\001and Orson Scott Card",
104,002:LS#0218,\255\001Special Thanks to George Lucas,\255\001Special Thanks to George Lucas,
105,002:LS#0219,\255\001A Lucasfilm Games]^ Production,\255\001A Lucasfilm Games]^ Production,
106,002:LS#0220,"Created and Produced at Skywalker Ranch\255\001Marin County, California\255\001\255\001Additional programming in San Rafael\255\001and Soulsbyville","Created and Produced at Skywalker Ranch\255\001Marin County, California\255\001\255\001Additional programming in San Rafael\255\001and Soulsbyville",
107,002:LS#0221,]^ & >* 1990 LucasArts Entertainment Co.\255\001All rights reserved.,]^ & >* 1990 LucasArts Entertainment Co.\255\001All rights reserved.,
108,002:SC#0044,"Rise, son of Cygna.",起來，西格娜之子。,
109,002:SC#0044,It is the dawn of your\255\001seventeenth year.,你十七歲生日的曙光已經來臨。,
110,002:SC#0044,I am sent by the Elders\255\001to summon you.,長老派我來召喚你。,
111,002:SC#0044,The High Council awaits your\255\001presence in the Sanctuary.,長老會正在聖域等候您。,
112,002:SC#0044,A messenger nymph!,一個使者仙女！,Bobbin
113,002:SC#0044,Never seen one so bright before.,從未見過如此明亮的！,Bobbin
114,002:SC#0044,One of the Elders must've woven it.,它一定是某位長老編織的。,Bobbin
115,002:SC#0044,Better get down to the village.,最好還是回村子裡,Bobbin
116,002:SC#0049,Once was plenty for me.,對我來說一次就夠了。,Bobbin
117,002:SC#0049,Is it over now?,結…結束了嗎？,Bobbin
118,003:ON#0165,sky,天,
119,003:OC#0165,The view from the cliff is better.,從懸崖上看風景更好。,Bobbin
120,003:OC#0165,Think I'll have to get closer first.,我想…我得更靠近一點。,Bobbin
121,004:ON#0175,owl,鴞,
122,004:OC#0175,Sound asleep.,睡著了。,Bobbin
123,004:OC#0175,That draft won't work on an owl.,這織法對鴞不起作用。,Bobbin
124,004:ON#0176,thorns,荊棘,
125,004:OC#0176,Ouch!,哎喲!,Bobbin
126,004:OC#0176,They're about as open as thorns can get.,這要是叫『敞開』，那荊棘就沒刺了。,
127,004:OC#0176,They're about as closed as thorns can get.,完全封死了，就跟刺藤一樣密不透風。,
128,004:OC#0176,That draft won't work on thorns.,這織法對荊棘不起作用。,
129,004:ON#0171,hole,洞,
130,004:ON#0172,hole,洞,
131,004:ON#0173,hole,洞,
132,004:ON#0174,hole,洞,
133,004:ON#0177,grave,墳墓,
134,004:OC#0177,I can't read this gravestone.,我看不懂這塊墓碑。,
135,004:OC#0177,The owl's tail feathers are\255\001blocking my view.,鴞的尾羽擋住了視線。,
136,004:OC#0177,"Already done, I guess.",我想…已經完成了。,
137,004:OC#0177,That draft won't work on a grave.,這織法不適用於墳墓。,
138,004:ON#0197,sky,天,
139,004:OC#0197,The view from the cliff is better.,從懸崖上看風景更好。,
140,004:OC#0197,Think I'll have to get closer first.,我想…我得先靠近一點。,
141,004:EN#0004,+The day the sky is opened./ Hmm.,『當天空打開時』… 嗯…,
142,004:LS#0200,There's an owl in there!,裡面有一隻鴞！,
143,004:LS#0200,This hole has an owl too.,這個洞裡還有一隻鴞。,
144,004:LS#0200,Another owl! The woods must be full of 'em.,又一隻鴞！樹林裡一定到處都是它們。,
145,004:LS#0200,Looks as if all the holes are full now.,現在看起來好像所有的洞都填滿了。,
146,004:LS#0200,This hole is empty.,這個洞是空的。,
147,004:LS#0200,Still there.,還在那裡。,
148,004:LS#0200,Hasn't left yet.,還沒離開呢,
149,004:LS#0200,It's still in there.,它仍然在那裡。,
150,004:LS#0200,Still empty.,還是空的。,
151,004:LS#0202,Poor little fella.,可憐的小傢伙。,
152,004:LS#0206,That draft won't work on the hole.,這織法對這個洞不起作用。,
153,004:LS#0207,The hole's already wide open.,洞口已經大開。,
154,004:LS#0208,Whatever lives in the hole\255\001might not like that.,洞裡住著的生物可能不會喜歡這樣。,
155,004:LS#0209,Maybe I'd better not try that.,也許…我最好別嘗試這樣做。,
156,006:ON#0206,wool,羊毛,
157,006:OC#0206,Grassy green. Hate that color.,草綠色…真討厭。,
158,006:OC#0206,Green again. Yuck.,又綠了…真噁心。,
159,006:OC#0206,Looks better in white.,還是白色的比較好看,
160,006:ON#0207,wool,羊毛,
161,006:OC#0207,Yuck. I hate green.,噁心…我討厭綠色。,
162,006:OC#0207,This wool hasn't been dyed yet.,這羊毛還沒染色。,
163,006:OC#0207,White again. That's more like it.,又變白了。這樣好多了。,
164,006:ON#0210,heap,堆,
165,006:OC#0210,Green. My least favorite color.,綠色的…我最不喜歡的顏色。,
166,006:OC#0210,This pile still needs dyeing.,這堆還需要染色。,
167,006:OC#0210,I like it better in white.,我比較喜歡白色的。,
168,006:ON#0211,cloth rack,布架,
169,006:OC#0211,Ugly green.,醜陋的綠色,
170,006:OC#0211,Ugly green again.,又是醜綠…,
171,006:OC#0211,White's an improvement.,還是白色好,
172,006:ON#0214,flask,燒瓶,
173,006:OC#0214,That draft won't work on a flask.,該織法不適用於燒瓶。,
174,006:ON#0205,dye pot,染鍋,
175,006:OC#0205,The pot doesn't have a cover.,鍋子沒有蓋。,
176,006:OC#0205,That draft won't work on a pot.,該織法不適用於鍋子。,
177,006:ON#0209,book,書,
178,006:OC#0209,This is the Book of Patterns that\255\001Hetchel lets me read sometimes.,這是赫切爾有時會讓我翻閱的《織圖之書》。,Bobbin
179,006:OC#0209,Better take it with me.,最好隨身帶著。,Bobbin
180,006:OC#0209,It's already closed.,已經關起來了,Bobbin
181,006:OC#0209,I already know what's in it.,我已經知道裡面有什麼了。,Bobbin
182,006:OC#0209,That draft won't work on a book.,該織法不適用於一本書。,
183,006:LS#0200,I changed the color!,我改了顏色！,Bobbin
184,006:LS#0201,It's bubbling.,它正在冒泡。,Bobbin
185,006:LS#0211,It's plenty green enough already.,已經夠綠了。,Bobbin
186,006:LS#0212,It already looks about as pale\255\001as it can get.,它看起來已經蒼白到極致了。,
187,006:LS#0215,Oops!,糟!,
188,006:LS#0215,Still dripping. What a mess.,還在滴水…真是一團糟。,
189,006:LS#0216,That draft won't work on wool.,該織法不適用於羊毛。,
190,008:ON#0256,tapestry,掛毯,
191,008:OC#0256,The threads describe the creation of the world\255\001and the passage of the Two Shadows.,這些線索描述了\255\001世界的創造\255\001以及兩個陰影的出現。,
192,008:OC#0256,This tapestry describes the world's creation\255\001and the passage of the Two Shadows.,這幅掛毯描述了\255\001世界的創造\255\001以及兩個陰影的經過。,
193,008:ON#0257,tapestry,掛毯,
194,008:OC#0257,"The pattern shows the rise of the Guilds,\255\001and the story of the Weavers' founding.",此圖案顯示了公會的崛起，\255\001以及織者創立的故事。,
195,008:OC#0257,"This tapestry shows the rise of the Guilds,\255\001and the story of the Weavers' founding.",這幅掛毯展示了公會的崛起，\255\001以及織者創立的故事。,
196,008:ON#0258,tapestry,掛毯,
197,008:OC#0258,This is the last section of\255\001the Long Tapestry.,這是長掛毯的最後一節。,
198,008:OC#0258,"It illustrates the decline of the Guilds,\255\001and the gathering of a Third Shadow.",它說明了工會的衰落，\255\001以及第三個陰影的聚集。,
199,008:OC#0258,Odd. The end of this tapestry\255\001is torn completely off.,奇怪的。這幅掛毯的結尾\255\001被完全撕掉了。,
200,008:LS#0204,This is a section of the Long Tapestry.,這是長掛毯的一部分。,
201,008:LS#0205,Here's another section of\255\001the Long Tapestry.,這是另一部分\255\001長掛毯。,
202,008:LS#0208,This tapestry's already as colorful\255\001as it can get.,這幅掛毯的色彩已經非常豐富了。,
203,008:LS#0209,I've already spun all the green out.,我已經把所有的綠色都揮霍光了。,
204,008:LS#0209,Doubt if I could spin much color\255\001out of it now.,我現在恐怕很難從中再提出什麼顏色了。,
205,008:LS#0210,That draft won't work on a tapestry.,此織法不適用於掛毯。,
206,008:LS#0217,I changed the color!,我改了顏色！,
207,008:SC#0046,Looks as if the Elders are busy.,看來長老們很忙。,
208,008:SC#0046,Hm... Wouldn't want to interrupt ...,嗯…我最好先別打擾……,
209,008:SC#0046,"You have heard the findings of the\255\001High Council, Dame Hetchel.",海切爾夫人，\255\001妳已知道委員會的調查結果了吧！,
210,008:SC#0046,What have you to say in your defense?,對於這些指控，妳有何話要為自己辯護？,
211,008:SC#0046,"I have no defense or excuses,\255\001Elder Atropos.",我沒有任何辯護或藉口，\255\001阿特羅波斯長老。,
212,008:SC#0046,My actions speak for themselves.,我的行動勝於雄辯。,
213,008:SC#0046,No defense? Not the slightest remorse?,沒有藉口？沒有絲毫的悔恨嗎？,
214,008:SC#0046,This reckless defiance is intolerable.,這種魯莽的反抗是無法容忍的。,
215,008:SC#0046,"Why do you disobey us, Hetchel?",海切爾，你為何違抗我們的命令？,
216,008:SC#0046,You have always upheld the\255\001Rules of Membership to the letter.,你一直嚴格遵守織者的規則。,
217,008:SC#0046,Tell us what is in your heart.,告訴我們妳內心的想法。,
218,008:SC#0046,"The boy must be told\255\001the truth about his\255\001birth, Elder Clothos.",克洛托斯長老，\255\001必須告訴這孩子\255\001關於他身世的真相。,
219,008:SC#0046,His talent awakens!,他的天賦覺醒了！,
220,008:SC#0046,"Soon he will wield\255\001the power of Weaving,\255\001whether we choose\255\001to guide him or not.",不久之後，\255\001無論我們是否選擇引導他，\255\001他都將掌握織網之力。,
221,008:SC#0046,We dare not desert Bobbin now.,我們現在不該放逐波賓。,
222,008:SC#0046,Stubborn old fool!,老頑固！,
223,008:SC#0046,The secrets you reveal to Cygna's son\255\001may be turned against us.,你向西格娜的兒子透露的秘密\255\001可能會被用來對付我們。,
224,008:SC#0046,That is why his training was\255\001forbidden by this Council!,這就是為什麼公會\255\001會禁止訓練他！,
225,008:SC#0046,"Enough, Lachesis.",夠了，拉克西斯。,
226,008:SC#0046,We need not explain our decisions.,我們無需解釋我們的決定。,
227,008:SC#0046,It grieves me to see\255\001your many years of\255\001faithful service\255\001end in this disgrace.,看到你多年來的忠誠服務\255\001以這種恥辱的方式結束\255\001我感到非常悲痛。,
228,008:SC#0046,But the wisdom of\255\001the Elders may not\255\001be questioned.\255\001\255\001That is the\255\001final Rule of\255\001Membership.,但長老們的智慧不容置疑\255\001這是高於一切的最終規則！,
229,008:SC#0046,"Another one of your\255\001students, Lady Cygna,\255\001learned the terrible\255\001price of defiance in\255\001this very chamber\255\001seventeen years ago.\255\001\255\001Better that\255\001you had heeded\255\001that lesson.",妳的另一位學生－西格娜女士\255\001十七年前就在這間房間裡\255\001領悟到了違抗的可怕代價\255\001妳最好能記得那個教訓。,
230,008:SC#0046,"My destiny is in your hands, Elders.",我的命運掌握在你們的編織中，長老們。,
231,008:SC#0046,"Our hands are empty, Hetchel.",海切爾，我們並沒有掌握什麼。,
232,008:SC#0046,Gaze once more upon the Great Loom\255\001if you would know your destiny.,如果你想知道自己的命運\255\001就再凝視一次那巨大的織機吧,
233,008:SC#0046,For behold! That destiny is upon you.,看哪！讓織機展現你的命運吧！,
234,008:SC#0046,A swan's egg. Curious destiny.,天鵝蛋！？奇妙的命運。,
235,008:SC#0046,That draft has never failed before.,這個織法過去從未失靈過。,
236,008:SC#0046,Hark!,聽著,
237,008:SC#0046,I heard a cry. Outside!,我聽見外頭有喊叫聲！,
238,008:SC#0046,The Guild is under attack!,公會受到攻擊！,
239,008:SC#0046,Who dares to desecrate the\255\001Loom of the Weavers?,誰竟敢褻瀆\255\001織者的織機？,
240,008:SC#0046,This is the work of the demon boy.,這是那個惡魔之子的傑作。,
241,008:SC#0046,"Kill it while you still can, Atropos!",阿特羅波斯，趁現在還來得及，殺了他！,
242,008:SC#0046,"Cursed forever be the name of Cygna's son,\255\001the Loom-Child ... Bobbin Threadbare!",西格娜之子的名字\255\001將永生永世遭到詛咒\255\001織機之子……波賓·疏織！,
243,008:SC#0046,"Oh, wonderful.",哦，太棒了……,Bobbin
244,008:SC#0046,Everyone's flown away!,所有人都飛走了！,Bobbin
245,008:SC#0046,No explanations. No goodbyes.,沒有解釋…也沒有道別……,Bobbin
246,008:SC#0046,Why do they always leave me behind?,為什麼他們總是把我丟下？,Bobbin
247,009:ON#0270,egg,蛋,
248,009:OC#0270,That draft won't work on an egg.,這織法對蛋不管用。,Bobbin
249,009:ON#0271,distaff,織杖,
250,009:OC#0271,Feels heavier than it looks.,比看起來的更重。,Bobbin
251,009:ON#0272,loom,織機,
252,009:OC#0272,That draft won't work on the Loom.,這織法對織機不管用。,Bobbin
253,009:ON#0273,Hetchel,海切爾,
254,009:OC#0273,"Strange. Her beak is moving, but\255\001she can't make a sound!",奇怪的。她的喙在動\255\001但是她發不出聲音！,
255,009:OC#0273,Poor Hetchel.,可憐的海切爾,
256,009:OC#0273,That didn't help. She must be under\255\001some kind of magic spell.,那沒有用\255\001她一定是被下了某種魔法咒語,
257,009:ON#0274,feather,羽毛,
258,009:ON#0275,Dead One,死者,
259,009:LS#0209,It's quiet. The echoes in the Loom\255\001have all died away.,很安靜。織機中的迴聲\255\001都已經消失了。,
260,009:LS#0209,Those are the same four threads\255\001the swan spun on the Elders.,「那就是天鵝對長老們施展的同一個四音符織法。」,
261,009:LS#0209,Those are the same four threads\255\001I heard a few moments ago.,那跟我剛才聽到的那四個音符一模一樣。,
262,009:LS#0209,They're still echoing in the Loom!,它們還在織機中迴盪！,
263,009:LS#0213,It's trying to open!,它正在嘗試打開！,
264,009:LS#0214,That egg just made a sound.,那顆蛋剛剛發出聲音。,
265,009:LS#0214,The egg is opening!,蛋要開了！,
266,009:LS#0216,"Do not approach too closely, Weaver.",不要太靠近，織者。,
267,009:LS#0221,"Throw away that stick, young fool.",扔掉那根棍子，菜鳥。,
268,009:LS#0221,Your Weaver magic cannot trouble me.,你的編織魔法，對我不管用。,
269,009:LS#0222,Hmm. That didn't do her any good.,唔。這對她沒有任何好處。,
270,009:LS#0223,Thank goodness! I can talk again!,謝天謝地！我又可以說話了！,
271,009:LS#0223,Ducks are meant to be eaten. Not heard.,鴨子是拿來吃的，不是聽的。,
272,009:LS#0223,I believe we were discussing\255\001the secrets of the Loom.,我相信…我們正在討論織機的秘密。,
273,009:LS#0224,"Begone from this chamber, Evil One.\255\001The Loom shall never be yours!",離開這個房間，邪惡之人。\255\001織機永遠不會屬於你！,
274,009:LS#0224,This boy holds the power to destroy it!,這個男孩擁有毀滅它的力量！,
275,009:LS#0224,I do?,我會?,
276,009:LS#0224,"Ssh! Close your eyes now, little Bobbin.\255\001But keep your ears open!",噓！現在閉上眼睛，小波賓。\255\001但請保持警覺！,
277,009:LS#0224,Here descends the Third Shadow!,第三個陰影降臨了！,
278,009:LS#0224,So much for distractions.,好吧，分散注意這招沒用。,
279,009:LS#0226,"Unmake the Loom, Bobbin! Quickly!",波賓快拆掉織機！,
280,009:LS#0226,I can't distract this creature\255\001much longer!,我無法再分散這傢伙的注意力了！,
281,009:LS#0226,"I need the threads, Mother Hetchel!\255\001Tell me which four to use!",我需要這些音符線，海切爾媽媽！\255\001告訴我要使用哪四個！,
282,009:LS#0231,This bird has annoyed me once too often.,這隻鳥常常惹惱我。,
283,009:LS#0233,Mother Hetchel! Where are you going?,海切爾媽媽！妳要去哪？,
284,009:LS#0233,To follow the swans!,追隨天鵝！,
285,009:SC#0047,Thank goodness you're still here.,謝天謝地你還在這裡。,
286,009:SC#0047,Mother Hetchel? Is that you?,海切爾媽媽？是妳嗎？,
287,009:SC#0047,You know perfectly well it's me.\255\001I saw you watching us.,你很清楚是我。\255\001我看到你在看著我們。,
288,009:SC#0047,"What's been happening here, Hetchel?\255\001The whole village has flown away!",這裡發生了什麼事，海切爾？\255\001所有人都飛走了！,
289,009:SC#0047,I'd hoped the swan might come\255\001to save you.,我以為天鵝會來救你。,
290,009:SC#0047,But I never expected her to weave\255\001as much mischief as this!,但我萬萬沒想到牠會惹出這麼多麻煩！,
291,009:SC#0047,Save me? From what?,救我嗎？為什麼？,
292,009:SC#0047,"From the Elders.\255\001\255\001They were going to turn\255\001you into a swan, as they\255\001tried to do to me.",長老們原本打算把你變成天鵝\255\001就像他們對我做的那樣。,
293,009:SC#0047,Looks as if a cygnet was\255\001the best they could manage\255\001with these old bones.,但…變出一顆蛋…\255\001已經是那些老骨頭的極限了。,
294,009:SC#0047,Why do the Elders want to get rid of me?\255\001I haven't broken any Rules.,為什麼長老們要除掉我？\255\001我沒有做錯什麼。,
295,009:SC#0047,"They fear you, Bobbin.",他們怕你，波賓。,
296,009:SC#0047,But why should anyone be afraid of me?,但為什麼有人要害怕我呢？,
297,009:SC#0047,"Ever since you came into our world,\255\001the Elders have watched chaos spread\255\001across the Pattern in the Loom.",自從你來到我們的世界\255\001長老們就一直看著混沌\255\001在織機的圖案中蔓延。,
298,009:SC#0047,"They believed - hoped - that your birth\255\001was the cause of this chaos, and that\255\001order might return if you were banished.",他們相信…也『期望』…\255\001你的誕生是造成這場混沌的原因\255\001如果你被放逐，秩序可能會恢復。,
299,009:SC#0047,"But now the Elders are banished,\255\001and you are still here!\255\001This can mean only one thing.",但現在長老們反而被放逐了\255\001而你還在這裡！\255\001這只能意味著一件事。,
300,009:SC#0047,"The Pattern is failing\255\001of its own accord.\255\001\255\001Soon it will come to\255\001an end ... and with it,\255\001all that is hemmed into\255\001its threads.",織圖正在自行瓦解！\255\001\255\001它很快就會終結\255\001隨之終結的\255\001還有所有被它關聯的一切。,
301,009:SC#0047,A third Shadow is nigh!,第三個陰影即將來臨！,
302,009:SC#0047,Is there any way to stop it?,有什麼辦法可以阻止它嗎？,
303,009:SC#0047,Stop chaos? The Elders thought they could.,阻止混沌？長老們認為他們可以。,
304,009:SC#0047,Now they know better. So should you.,他們確實也『知道』了…你也應該如此。,
305,009:SC#0047,"If we can't stop the chaos,\255\001what CAN we do?",如果我們不能阻止混沌\255\001我們能做什麼？,
306,009:SC#0047,We can embrace it.\255\001\255\001Or ... escape!,我們可以擁抱它。\255\001\255\001或者……逃跑！,
307,009:SC#0047,"The swan has rescued the\255\001rest of our Guild from the\255\001coming time of darkness.\255\001\255\001The way before us now\255\001is clear.\255\001\255\001We must find out where\255\001our flock has flown, and\255\001join them if we can!",天鵝從即將到來的黑暗時代中\255\001拯救了我們公會的其餘成員。\255\001現在，我們面前的道路已經清晰可見。\255\001\255\001我們必須找到我們的族群飛向何方，\255\001如果可以的話，加入他們吧！,
308,009:SC#0047,You've already found\255\001the Elder's distaff.\255\001Good.\255\001\255\001Never let it out of\255\001your grasp!,很好！你找到了長老的織杖。\255\001永遠不要讓它離開你的手！,
309,009:SC#0047,Pick up the Elder's\255\001distaff lying here.\255\001It is yours now.\255\001\255\001Never let it out of\255\001your grasp!,撿起長老的織杖，它現在屬於你了。\255\001永遠不要讓它離開你的手！,
310,009:SC#0047,"You won't be able to\255\001weave very much with it\255\001at first, I expect.\255\001\255\001But as you gain practice,\255\001more and more of its power\255\001will reveal itself to you.",一開始你可能無法用它編織出很多東西，\255\001我想。但隨著你練習的增多，\255\001它會向你展現出越來越多的力量。,
311,009:SC#0047,"As long as the distaff\255\001remains in your hands,\255\001I'll know you are safe.\255\001\255\001If you ever lose it,\255\001take heart! I'll come to\255\001help you if I can.",只要織杖還在你手中，我就知道你很安全。\255\001如果你弄丟了織杖，別擔心！\255\001我會盡我所能幫助你。,
312,009:SC#0047,"Leave this island, Loom-Child.\255\001It's too small for you now.",離開這個島，織機之子。\255\001它對你來說太小了！,
313,009:SC#0047,Your destiny lies beyond the sea!,你的命運就在大海的彼岸！,
314,009:SC#0047,Wish I knew why everyone keeps\255\001calling me +Loom-Child./,希望我知道為什麼每個人都堅持\255\001叫我『織機之子』。,
315,009:SC#0101,Eek! Look out!,哇塞！當心！,
316,009:SC#0101,Uh oh.,呃哦。,
317,009:SC#0101,Bobbin! Get your distaff ready!,波賓！快拿出你的織杖！,
318,009:SC#0101,Mother Hetchel!,海切爾媽媽！,
319,009:SC#0101,There's not a moment to lose!,一刻也不能浪費！,
320,009:SC#0101,"You must unmake the Loom. NOW, Bobbin.\255\001Before the Dead Ones take control!",你必須拆掉織機。現在，波賓。\255\001在死者掌控之前！,
321,009:SC#0101,How? I don't know what draft to spin!,如何？我不知道該旋轉什麼織法！,
322,009:SC#0101,"It is just as well, young Weaver.",沒關係，年輕的織者。,
323,009:SC#0101,Birds and children have no business\255\001wielding such power.,鳥和小孩沒有資格\255\001掌握這種力量。,
324,009:SC#0101,My informants told\255\001me that all of the\255\001Weavers had fled.\255\001\255\001I see they were\255\001mistaken.,我的線人告訴我\255\001我認為所有的\255\001織者都逃跑了。\255\001\255\001看來我的消息是錯的。,
325,009:SC#0101,"Destiny has been kind,\255\001my young friend.\255\001\255\001You will live to pass\255\001on your Guild's secrets\255\001to others more worthy\255\001of the knowledge.",命運一直很仁慈，\255\001我年輕的朋友。\255\001\255\001你會活到把公會的秘密傳承給\255\001其他更有資格\255\001的人。,
326,009:SC#0101,"In return, you will be\255\001allowed to serve my new\255\001empire as advisor.\255\001\255\001Naturally, I expect your\255\001full cooperation in this\255\001historic exchange of\255\001goodwill.",作為回報，\255\001您將被允許為我的新帝國擔任顧問。\255\001當然，\255\001我希望\255\001您在這次歷史性的善意交換中\255\001給予全力合作。,
327,009:SC#0101,Anything less will\255\001risk harm to our\255\001relationship.,少一點就會\255\001冒著傷害我們的風險\255\001關係。,
328,009:SC#0101,"Don't listen to him, Bobbin!",別聽他的，波賓！,
329,009:SC#0101,The threads to unmake the Loom are ...,解開織布機的音符是…...,
330,009:SC#0101,Silence.,安靜。,
331,009:SC#0101,"Hetchel? Hetchel, what's the matter?\255\001Say something!",海切爾？海切爾，怎麼了？\255\001說些什麼！,
332,009:SC#0101,What did you do to her!,你對她做了什麼！,
333,009:SC#0101,I lose patience easily in the proximity\255\001of inferior beings.,在不如我的人身邊，我很容易失去耐心。,
334,009:SC#0101,You will now instruct me in the use\255\001of this fascinating instrument.,現在請您指導我如何使用這台神奇的儀器。,
335,009:SC#0101,Over my dead body!,休想！除非我死了！,
336,009:SC#0101,Preference noted.,好喔～我知道了,
337,009:SC#0105,Hetchel's feather! It's still there!,海切爾的羽毛！它還在那裡！,
338,009:SC#0105,"So it is, young Weaver.",確實如此，年輕的織者。,
339,009:SC#0105,I shall keep it as a souvenir\255\001of our encounter.,我會把留下它，\255\001作為我們的相遇的紀念。,
340,009:SC#0105,You leave that feather alone!,你別管那根羽毛了！,
341,009:SC#0105,Make me. Heh heh heh.,讓我。呵呵呵。,
342,010:ON#0296,clam,蛤蜊,
343,010:OC#0296,Closed tight as a ... clam.,像蛤蜊一樣…緊閉。,
344,010:OC#0296,Yuck.,好噁.,
345,010:OC#0296,Looks as if breakfast is over.,看來早餐結束了。,
346,010:OC#0296,It's already wide open.,已經大開了。,
347,010:OC#0296,Shame to ruin the gull's breakfast.,可惜毀了海鷗的早餐。,
348,010:OC#0296,It's already shut tight.,已經關得很緊了。,
349,010:OC#0296,That draft won't work on the clam.,這織法對蛤蜊不起作用。,
350,010:ON#0297,gull,海鷗,
351,010:ON#0298,gull,海鷗,
352,010:ON#0299,gull,海鷗,
353,010:ON#0300,gull,海鷗,
354,010:LS#0210,That draft won't work on a gull.,這織法對海鷗不起作用。,
355,012:OC#0322,Here we go again.,又來了。,
356,012:LS#0200,Better not swim too far.,最好不要游太遠。,
357,013:ON#0325,waterspout,水龍捲,
358,013:OC#0325,Don't want to get any closer.,不想再靠近了。,
359,013:OC#0325,Whew! Listen to that twisty wind!,哇！聽聽這呼嘯的風聲吧！,
360,013:OC#0325,That didn't work. It's twisting too fast.\255\001Must be SOME way to untwist it ...,那樣做不行。它轉得太快了。\255\001肯定有辦法把它解開…,
361,013:OC#0325,It's twisting hard enough already!\255\001Must be SOME way to untwist it ...,它已經擰得夠緊了！\255\001肯定有辦法把它解開…,
362,013:OC#0325,That draft won't work on the waterspout.,這織法對水龍捲不起作用。,
363,016:ON#0350,workers,工人,
364,016:LS#0203,Looks as if somebody's\255\001working up there.,看起來好像有人在上面工作。,
365,016:LS#0204,I already spun that draft on them!,我已經把織法轉給他們了！,
366,016:LS#0204,That draft wouldn't affect them now.,這織法現在不會影響他們了。,
367,016:LS#0204,That felt right. I think it worked.,感覺不錯。我認為它有效。,
368,016:LS#0206,That draft won't work on the workers.,這織法對工人不起作用。,
369,016:LS#0207,I doubt if they'd see me\255\001from up there.,我懷疑他們能不能從上面看到我。,
370,017:ON#0357,grave,墳墓,
371,017:OC#0357,"+Near this spot, Luscent Bottleblower,\255\001Founder of the Noble Guild of Glassmakers,\255\001attained his Final Clarity./",+就在這裡，\255\001貴族玻璃製造商協會的創辦人，\255\001盧森特·博德布羅弗，\255\001獲得最終澄明。 /,
372,017:OC#0357,Already done.,已經完成了。,
373,017:ON#0358,grave,墳墓,
374,017:OC#0358,"+Softshard, Wife of Luscent Bottleblower,\255\001here attained Final Clarity./",+盧森特·博德布羅弗之妻——柔屑，\255\001於此獲得最終澄明。 /,
375,017:OC#0358,Already done.,已經完成了。,
376,017:LS#0205,That draft won't work on the grave.,這織法在墳墓上不起作用。,
377,017:LS#0206,Maybe I ought not to try that.,也許我不應該嘗試這樣做。,
378,017:SC#0066,"Greetings, stranger.",你好，陌生人。,
379,017:SC#0066,"But remember: You break it, you buy it!",但請記住：弄壞了照價賠償！,
380,018:ON#0369,bell,鐘,
381,018:OC#0369,That draft won't work on the bell.,這織法對鐘不起作用。,
382,018:ON#0370,sphere,法球,
383,018:OC#0370,That draft won't work on the sphere.,這織法對法球不起作用。,
384,018:ON#0371,bell,鐘,
385,018:OC#0371,It's already open.,它已經打開了！,
386,018:OC#0371,That draft won't work on the bell.,這織法對鐘不起作用。,
387,018:ON#0374,bell,鐘,
388,018:ON#0372,conversation,對話,
389,018:LS#0202,Guess I'm not supposed to go up there.,我想我不該去那裡。,
390,018:LS#0202,Those guys are going to be a problem.,那些傢伙會是個麻煩。,
391,018:LS#0202,Looks as if I'll have to try\255\001something sneaky.,看來我得想辦法\255\001偷偷溜過去。,
392,018:LS#0205,Wait a minute!,等一下！,
393,018:LS#0205,"Who ARE these two guys, anyway?",這兩個人到底是誰？,
394,018:LS#0205,I can just make out what\255\001they're saying ...,我勉強能聽清\255\001他們在說什麼…,
395,018:LS#0205,I trust Your Excellency is pleased\255\001with our progress?,我相信閣下對我們的進度\255\001還算滿意？,
396,018:LS#0205,That depends.,這很難說。,
397,018:LS#0205,How far ahead will I be able to see?,我能看到多遠的未來？,
398,018:LS#0205,"At least four hours. With luck, maybe six.",至少四小時。運氣好的話，也許能到六小時。,
399,018:LS#0205,Six hours? I thought we agreed to eight.,六小時？我以為我們說好是八小時。,
400,018:LS#0205,"Each of the Spheres is unique,\255\001Bishop Mandible.",每顆法球都是獨一無二的，\255\001曼迪布爾主教。,
401,018:LS#0205,It is impossible to predict how deeply\255\001this particular Sphere will look.,無法預測這顆特定的法球\255\001能看進多遠的未來。,
402,018:LS#0205,I need to see at least eight hours ahead.,我需要至少提前看到八小時。,
403,018:LS#0205,"EIGHT hours. See to it, Master Crucible.",八小時。確保能辦到，克魯斯堡大師。,
404,018:LS#0205,The customer is always right.,顧客至上。,
405,018:LS#0205,+See ahead?/,+看前面嗎？ ,
406,018:SC#0064,There's a little glass bell in here.,這裡有一個玻璃小鐘。,
407,018:SC#0064,Wonder what'll happen if ...,不知這樣…會如何……,
408,018:SC#0071,My head is swimming.,我的頭好暈。,
409,019:SC#0065,Aieeeeaaah!,啊啊啊！,
410,020:ON#0388,bell,鐘,
411,020:ON#0389,bell,鐘,
412,020:ON#0386,scythe,鐮刀,
413,020:ON#0387,scythe,鐮刀,
414,020:ON#0390,workers,工人,
415,020:ON#0391,workers,工人,
416,020:LS#0202,That thing is SHARP.,那東西好利。,
417,020:LS#0203,They're REALLY sharpening that thing.,他們還真是在磨那東西。,
418,020:LS#0207,Look!,看！,
419,020:LS#0207,Who are you?,你是誰？,
420,020:LS#0207,How did you get up here?,你怎麼上來的？,
421,020:LS#0207,"Well, I rang this little bell, see, and ...",呃，我敲了這個小鐘，你看，然後…,
422,020:LS#0207,"Sorry, kid.",抱歉，小子,
423,020:LS#0207,"Step back under the lens, please.",請退回透鏡底下。,
424,020:LS#0207,This is a restricted area.,這是禁區。,
425,020:LS#0207,That means NO visitors.,也就是說謝絕訪客。,
426,020:LS#0207,"Hit it, Flute.",動手吧，弗魯特,
427,020:LS#0207,"Oh, no!",喔，不,
428,020:LS#0207,You again!,又是你！,
429,020:LS#0207,"Stopper, didn't I ask this kid to leave?",史托柏，我不是叫這小子離開了嗎？,
430,020:LS#0207,But this is the only way to ...,但這是唯一的方法…,
431,020:LS#0207,"Look, you're NOT supposed to be\255\001up here, okay?",聽著，你不該\255\001上來這裡，懂嗎？,
432,020:LS#0207,Back under the lens.,回透鏡底下去。,
433,020:LS#0207,We'll all be in BIG trouble\255\001if anybody sees you.,要是被人看到你，\255\001我們都會有大麻煩。,
434,020:LS#0207,So forget what you saw here\255\001and SCRAM.,所以忘掉你在這裡看到的一切\255\001然後快滾。,
435,020:LS#0207,I don't believe it.,我真不敢相信。,
436,020:LS#0207,Back AGAIN?,又回來了？,
437,020:LS#0207,The kid's gonna blow our schedule!,這小子會害我們進度落後的！,
438,020:LS#0207,"C'mon, guys! I just want to ...",拜託，各位！我只是想…,
439,020:LS#0207,"Listen, we have secret work to do up here.\255\001You know what SECRET means?",聽著，我們在這裡有祕密工作要做。\255\001你知道「祕密」是什麼意思嗎？,
440,020:LS#0207,Lens. NOW.,透鏡，現在,
441,020:LS#0207,You are NOT going to waltz through here\255\001without us seeing you.,你休想在我們眼皮底下\255\001大搖大擺地走過去。,
442,020:LS#0207,Go play somewhere ELSE.,去別的地方玩。,
443,020:LS#0210,Did you get a load o'that Bishop Mandible?,你看到那個曼迪布爾主教的嘴臉了嗎？,
444,020:LS#0210,Swishin' 'round here like he owns the place!,在這裡晃來晃去，好像這是他的地盤一樣！,
445,020:LS#0210,"What do the Clerics want with a\255\001Sphere of Scrying, anyway?",話說回來，那些神職人員要\255\001窺視法球做什麼？,
446,020:LS#0210,Thought they didn't believe\255\001in the future.,我還以為他們不相信\255\001未來這回事。,
447,020:LS#0210,Your guess is good as mine.,這就難說了。,
448,020:LS#0210,Crucible thinks they're up to\255\001no good again.,克魯斯堡覺得他們肯定\255\001又在搞什麼鬼。,
449,020:LS#0210,So why's he selling 'em one?,他為何還要賣給他們？,
450,020:LS#0210,You know Crucible.,你也知克魯堡那傢伙,
451,020:LS#0210,He'd sell his own mother's spectacles\255\001if the terms were cash up front.,只要能先拿到現金，\255\001他連自己老媽的眼鏡都肯賣。,
452,020:LS#0210,Cash up front? Whew!,先付現？哇！,
453,020:LS#0210,Spheres ain't what you call cheap.,法球可不是什麼便宜貨。,
454,020:LS#0210,"Still, Crucible's not takin' any chances.",不過，克魯斯堡也不想冒險。,
455,020:LS#0210,"He figures if the Clerics are lookin'\255\001for trouble, we're gonna be ready.",他認為如果那些神職人員想\255\001找麻煩，我們最好有備無患。,
456,020:LS#0210,That's why you and me's up here\255\001doin' major overtime.,這就是為什麼你跟我要在這裡\255\001大肆加班的原因。,
457,020:LS#0210,Ouch! ... I see whatcha mean.,哎喲！…我懂你的意思了。,
458,020:LS#0210,One look at THIS little baby'll make them\255\001Clerics think twice 'bout messin' with US.,只要讓他們看一眼這小寶貝，那些\255\001神職人員想惹我們之前肯定會三思。,
459,020:LS#0211,That draft won't do much good\255\001if they can't see me.,如果他們看不見我，\255\001這織法也起不了多大作用。,
460,020:LS#0212,I guess I'm already invisible.,我想我已經隱形了。,
461,020:LS#0213,That draft won't work on them.,這織法對他們不起作用。,
462,020:LS#0214,That draft won't work on the bell.,這織法對鐘不起作用。,
463,020:LS#0215,That draft won't work on the scythe.,這織法對鐮刀不起作用。,
464,022:ON#0405,chalice,聖杯,
465,022:OC#0405,Wish I was old enough to drink.,真希望我已經到了能喝酒的年紀。,
466,022:OC#0405,Wonder where that dragon went with\255\001Bottleblow's other treasures.,不知道那條龍把博德布羅弗\255\001其他的寶物帶去哪了。,
467,022:OC#0405,It's already empty.,已經空了。,
468,022:OC#0405,It's already full to the brim.,已經是滿滿噹噹了。,
469,022:OC#0405,The chalice doesn't have a lid.,聖杯沒有蓋子。,
470,022:OC#0405,That draft won't work on a chalice.,這織法對聖杯不起作用。,
471,022:ON#0403,bell,鐘,
472,022:OC#0403,That draft won't work on the bell.,這織法對鐘不起作用。,
473,022:ON#0404,bell,鐘,
474,022:OC#0404,That draft won't work on the bell.,這織法對鐘不起作用。,
475,022:SC#0067,"Greetings, stranger.",你好，陌生人。,
476,022:SC#0067,"But remember: You break it, you buy it!",但請記住：弄壞了照價賠償！,
477,022:SC#0108,Nice! Never seen glass sparkle like this.,太美了！從沒見過像這樣閃閃發光的玻璃。,
478,022:SC#0108,"It is not glass, Weaver Threadbare.",這不是玻璃，織者疏織。,
479,022:SC#0108,The chalice you've so irreverently filled\255\001was carved from a diamond crystal.,被你如此不敬地倒滿的聖杯，\255\001是用整塊鑽石雕刻而成的。,
480,022:SC#0108,This chalice was carved from a\255\001single crystal of diamond.,這個聖杯是由一整塊\255\001鑽石原石雕刻而成的。,
481,022:SC#0108,Impressive!,令人驚嘆！,
482,022:SC#0108,But I thought you were Glassmakers.,但我以為你們是玻璃工匠。,
483,022:SC#0108,"Indeed. Behold the\255\001Chromax Conundrum!\255\001\255\001It was wrought by\255\001the hand of our\255\001founding member,\255\001Luscent Bottleblow,\255\001whose works once\255\001filled a museum.",的確。請看這\255\001「克羅馬克斯之謎」！\255\001\255\001它出自我們\255\001創會成員\255\001盧森特·博德布羅弗\255\001之手，他的作品\255\001曾經擺滿了一整座博物館。,
484,022:SC#0108,"Three centuries ago,\255\001our fair city was\255\001plundered by a dragon.\255\001\255\001The greedy beast emptied\255\001our museum and treasury.\255\001\255\001Even Bottleblow's great\255\001masterpiece, the First\255\001Scrying Sphere, was lost.",三個世紀前，\255\001我們美麗的城市\255\001遭到了一條龍的掠奪。\255\001\255\001那貪婪的野獸洗劫了\255\001我們的博物館和金庫。\255\001\255\001就連博德布羅弗最偉大的\255\001傑作——第一顆\255\001窺視法球，也遺失了。,
485,022:SC#0108,"Fortunately, the\255\001Conundrum was on\255\001loan to the Guild of\255\001Vintners at the time.\255\001\255\001It is our only\255\001remaining example\255\001of Bottleblow's\255\001transcendent genius.",幸好，「克羅馬克斯之謎」\255\001當時借給了\255\001釀酒師公會。\255\001\255\001這是我們僅存的\255\001能展現博德布羅弗\255\001超凡才華的作品。,
486,022:SC#0108,But why is it made of diamond\255\001instead of glass?,但為什麼它是用鑽石做的，\255\001而不是玻璃？,
487,022:SC#0108,We don't know.,我們也不知道。,
488,022:SC#0108,That's the Conundrum.,這正是個謎。,
489,023:OC#0421,Going somewhere?,要去哪裡嗎？,
490,023:ON#0422,shepherds,牧羊人,
491,023:ON#0423,shepherds,牧羊人,
492,023:ON#0424,shepherds,牧羊人,
493,023:ON#0425,shepherds,牧羊人,
494,023:LS#0202,He's back.,他回來了。,
495,023:LS#0202,So are we.,我們也是。,
496,023:LS#0209,They don't look very friendly.,他們看起來不太友善。,
497,023:LS#0210,Aieeeee!,哇塞！,
498,023:LS#0210,What fun.,多有趣。,
499,023:LS#0212,Halt!,站住,
500,023:LS#0212,Who goes there?,來者何人？,
501,023:LS#0212,This runt was trying to sneak\255\001into our realm!,這矮冬瓜正試圖溜進\255\001我們的領地！,
502,023:LS#0212,Sneak? You call that sneaking?,溜？你管這叫溜？,
503,023:LS#0212,I heard him coming two hills away.,他還在兩座山頭外我就聽到了。,
504,023:LS#0212,State your business with the\255\001Guild of Shepherds!,說出你來找\255\001牧羊人公會的目的！,
505,023:LS#0212,I'm looking for a flock of swans.,我在找一群天鵝。,
506,023:LS#0212,Swans.,天鵝。,
507,023:LS#0212,Right.,是喔。,
508,023:LS#0212,"Swans don't live in the woods, kid.",孩子，天鵝可不住在樹林裡。,
509,023:LS#0212,"Say! You don't suppose this is the wizard\255\001Fleece told us about, do you?",喂！你該不會以為這就是\255\001弗莉絲跟我們說的那個巫師吧？,
510,023:LS#0212,Hmm. He's dressed kind of like a wizard.,唔。他的穿著有點像巫師。,
511,023:LS#0212,Doesn't look very powerful to me.,我看他也不怎麼厲害。,
512,023:LS#0212,"C'mon, wizard! Show us your stuff.",來吧，巫師！露兩手給我們看看。,
513,023:LS#0212,Prove you're a wizard or you're not\255\001getting any farther.,證明你是個巫師，否則你\255\001休想再往前走一步。,
514,023:LS#0214,He's leaving.,他要走了。,
515,023:LS#0214,"Not much of a wizard, eh?",看來不怎麼樣嘛，是吧？,
516,023:LS#0214,Better luck next time!,下次好運！,
517,023:LS#0214,"C'mon, fellas. Back to work.",來吧，夥計們。回去工作。,
518,023:LS#0231,That draft won't work on the shepherds.,這織法對牧羊人不起作用。,
519,023:LS#0232,"We are the masters of stealth,\255\001little wizard.",我們可是隱匿大師，\255\001小巫師。,
520,023:LS#0232,That camouflage trick won't work on us.,這種偽裝伎倆對我們不起作用。,
521,024:ON#0432,sheep,羊,
522,024:OC#0432,They're too smart to scare that easily.,他們太聰明了，不會那麼容易被嚇到。,
523,024:OC#0432,Didn't work. Guess they don't want\255\001to look at me anyway.,沒用。我想牠們大概也不想\255\001看我吧。,
524,024:OC#0432,That draft won't work on the sheep.,這織法對羊不起作用。,
525,024:ON#0433,sheep,羊,
526,024:OC#0433,Fleece was right. They really do stick out.,弗莉絲說得對。牠們真的太顯眼了。,
527,024:OC#0433,They're white as they can get already.,牠們已經白到不能再白了。,
528,024:OC#0433,They're too smart to scare that easily.,他們太聰明了，不會那麼容易被嚇到。,
529,024:OC#0433,Didn't work. Guess they don't want\255\001to look at me anyway.,沒用。我想牠們大概也不想\255\001看我吧。,
530,024:OC#0433,That draft won't work on the sheep.,這織法對羊不起作用。,
531,024:ON#0434,dozing,打瞌睡,
532,024:OC#0434,Must've had a long night.,昨晚一定累壞了。,
533,024:OC#0434,Wouldn't do any good while he's sleeping.,趁他睡著時做這事也沒什麼用。,
534,024:OC#0434,That draft won't work on him.,這織法對他不起作用。,
535,024:ON#0431,cemetery,墓園,
536,024:OC#0431,Some of those graves look really old.,有些墳墓看起來年代相當久遠。,
537,024:OC#0431,Already done.,已經完成了。,
538,024:OC#0431,That draft won't work on the cemetery.,這織法對墓園不起作用。,
539,024:LS#0207,Hey!,嘿！,
540,024:LS#0207,Look at my sheep! LOOK at them!,看看我的羊！看看他們！,
541,024:LS#0207,What did you do to them?\255\001They look ridiculous!,你對牠們做了什麼？\255\001牠們看起來蠢透了！,
542,024:LS#0207,How am I supposed to watch sheep\255\001I can barely SEE?,你要我怎麼看管我幾乎\255\001看不見的羊群？,
543,024:LS#0207,What's the big idea?,到底有什麼毛病？,
544,024:LS#0207,You've got my sheep all upset!,你把我的羊都弄毛了！,
545,024:LS#0207,Now I gotta round 'em up again.,現在我得重新把牠們趕攏。,
546,024:LS#0207,"C'mon, you guys! Move it!",快點，動起來！,
547,024:LS#0211,Plenty green enough already.,已經夠綠了。,
548,024:LS#0212,They already look about as pale\255\001as they can get.,牠們看起來已經蒼白到\255\001極點了。,
549,024:LS#0214,Perhaps I shouldn't be trying that.,也許我不應該這樣做。,
550,025:ON#0447,lamb,小羊,
551,025:OC#0447,Awwww! A cute little lamb.,噢！好可愛的小羊。,
552,025:OC#0447,Hope she gets better.,希望她能好起來。,
553,025:OC#0447,This lamb doesn't look too well.\255\001Maybe I shouldn't bother her.,這隻小羊看起來不太好。\255\001也許我不該打擾她。,
554,025:OC#0447,That draft won't work on the lamb.,這織法對小羊不起作用。,
555,025:LS#0204,"Not a very curious wizard, are you?",你不是個很好奇的巫師，是嗎？,
556,025:LS#0204,Sure I am!,我當然好奇,
557,025:LS#0204,You've shown not the slightest interest\255\001in my little patient here.,你對我這名小病患\255\001一點興趣也沒有。,
558,025:LS#0204,You've only just glanced at\255\001my little patient here.,你只是瞥了一眼\255\001我這名小病患。,
559,025:LS#0204,Ah! You've noticed my little patient.,啊！你注意到我的小病患了。,
560,025:LS#0204,Patient? Is she sick?,病患？她生病了嗎？,
561,025:LS#0204,Very. I don't think she's going to make it.,病得很重。我不認為她撐得過去。,
562,025:LS#0204,Her mother was carried off by the dragon\255\001the day after she gave birth.,她母親在生下她的隔天\255\001就被龍抓走了。,
563,025:LS#0204,My Songs of Healing don't seem to\255\001be doing enough good.,我的療癒之歌似乎起不了\255\001太大作用。,
564,025:LS#0204,Songs?,歌？,
565,025:LS#0204,"We Shepherds are known for them.\255\001At least, I thought we were.",我們牧羊人就是以此聞名的。\255\001至少我是這麼認為。,
566,025:LS#0204,My grandsire taught me the magic notes.,我的祖父教過我這些魔法音符。,
567,025:LS#0204,He said we got them from some other Guild\255\001in exchange for the secret of stealth.,他說這是我們從其他公會那裡，\255\001用隱匿的秘密交換來的。,
568,025:LS#0204,I guess I'm not very good yet.,我想我還學得不夠好。,
569,025:LS#0205,I think she opened her eyes a little.,我想她微微睜開了眼睛。,
570,025:LS#0205,You're right!,你說得對！,
571,025:LS#0205,I'll try it again.,我再試一次。,
572,025:LS#0206,Her eyes are closed again.,她的眼睛又閉上了。,
573,025:LS#0206,Maybe if I sing a bit slower ...,如果我唱得慢一點也許…,
574,025:LS#0206,"No difference. Oh, well.",沒什麼差別。好吧。,
575,025:LS#0208,"The flock has been led to pasture, Wizard.\255\001Good luck with the dragon!",巫師，羊群已經被趕去牧場了。\255\001祝你對付龍時好運！,
576,025:SC#0069,Hello there.,你好啊。,
577,025:SC#0069,Who said that?,誰在說話？,
578,025:SC#0069,I did.,是我。,
579,025:SC#0069,Oh.,哦,
580,025:SC#0069,Who are you?,你是誰？,
581,025:SC#0069,I am she who sent for you.,我就是派人來找你的那個人。,
582,025:SC#0069,Huh?,啊？,
583,025:SC#0069,"I am named Fleece, First Chosen\255\001of the Guild of Shepherds.",我叫弗莉絲，是牧羊人公會\255\001的首選繼承人。,
584,025:SC#0069,And you are obviously the mighty wizard\255\001I hired from the Guild of Mages.,而你顯然就是我從法師公會\255\001雇來的強大巫師。,
585,025:SC#0069,There must be some mistake.,這中間一定有什麼誤會。,
586,025:SC#0069,Your modesty is\255\001very charming.\255\001\255\001But there is no\255\001mistake.,你的謙虛\255\001非常真討人喜歡。\255\001\255\001但這絕對沒有\255\001搞錯。,
587,025:SC#0069,My border guards\255\001were extremely\255\001impressed with\255\001your display\255\001of magic power.,我的邊境守衛\255\001對你展現的\255\001魔法力量\255\001感到非常\255\001驚豔。,
588,025:SC#0069,"They did not\255\001tell me that you\255\001are also young,\255\001and quite\255\001well-mannered.",他們可沒\255\001告訴我你\255\001還這麼年輕，\255\001而且相當\255\001有禮貌。,
589,025:SC#0069,"Were our plight\255\001not so serious,\255\001it might amuse\255\001me to know you\255\001better.",如果不是我們的處境\255\001如此嚴峻，\255\001我倒是有興趣\255\001好好\255\001認識你。,
590,025:SC#0069,Plight?,處境？,
591,025:SC#0069,One of our clients placed an order\255\001for ten thousand fattened sheep.,我們的一位客戶下了一萬隻\255\001肥羊的訂單。,
592,025:SC#0069,That's enough to feed an army!,那夠養活一支軍隊了！,
593,025:SC#0069,I fear that may be exactly what\255\001the Clerics have in mind.,我擔心這正是那些\255\001神職人員的打算。,
594,025:SC#0069,But we do not concern ourselves with\255\001how our customers use our products.,不過我們不會過問\255\001客戶如何使用我們的產品。,
595,025:SC#0069,They probably won't get their sheep anyway.,反正他們大概也無法拿到羊了。,
596,025:SC#0069,No? Why not?,無法？為何？,
597,025:SC#0069,Our local dragon seems to have acquired\255\001a taste for fresh mutton.,我們這裡的龍似乎開始\255\001迷上了新鮮羊肉。,
598,025:SC#0069,Our sheep are bred for extra whiteness.\255\001It can see them from miles away.,我們的羊經過特別培育，毛色極白。\255\001牠在幾哩外就能看見牠們。,
599,025:SC#0069,Only a mage can save us from\255\001this winged pestilence.,只有法師才能拯救我們\255\001免受這長翅膀的瘟疫所害。,
600,025:SC#0069,Thank you for answering my\255\001summons so quickly.,謝謝你這麼快就回應我的\255\001召喚。,
601,026:ON#0464,shepherds,牧羊人,
602,026:OC#0464,Never had a chance.,從來沒有機會。,
603,026:OC#0464,That wouldn't be very respectful.,那樣太不敬了。,
604,026:OC#0464,That draft won't work on the shepherds.,這織法對牧羊人不起作用。,
605,026:LS#0202,Fleece! What happened? We were overrun!,弗莉絲！發生什麼事了？我們被擊潰了！,
606,026:LS#0202,You were saved by the mercy\255\001of yonder boy.,多虧了那邊那個男孩的\255\001慈悲，你們才得救。,
607,026:LS#0202,His power has grown since last we met.,自從上次見面後，他的力量又增強了。,
608,026:LS#0202,"Shepherds have long memories, wizard.\255\001I shall not forget your kindness.",牧羊人恩怨分明，巫師。\255\001我不會忘記你的恩情。,
609,026:LS#0202,Come! Before the Dead Ones return\255\001to reap us again!,快來！趕在那些死者回來\255\001再次收割我們之前！,
610,026:LS#0211,"You are too late, wizard.",你來得太晚了，巫師。,
611,026:LS#0211,The Dead increased their numbers here.,這裡的死者越來越多了。,
612,026:LS#0211,My Songs ... useless.,我的歌…沒用。,
613,026:LS#0211,Those few not killed are suffering.,少數倖存的人也都在受苦。,
614,026:LS#0211,At least we can end their misery.\255\001Extend your powers if you can!,至少我們可以結束他們的痛苦。\255\001如果可以的話，展現你的力量吧！,
615,028:ON#0466,dragon,龍,
616,028:ON#0467,dragon,龍,
617,028:ON#0468,dragon,龍,
618,028:OC#0468,Guess I'll have to wake it first.,我想我得先喚醒牠。,
619,028:ON#0469,dragon,龍,
620,028:OC#0469,Guess I'll have to wake it first.,我想我得先喚醒牠。,
621,028:ON#0470,gold,金子,
622,028:ON#0471,gold,金子,
623,028:ON#0472,gold,金子,
624,028:ON#0473,straw,稻草,
625,028:ON#0474,straw,稻草,
626,028:ON#0475,straw,稻草,
627,028:LS#0200,My! Aren't we clever today!,天哪！我們今天還真聰明！,
628,028:LS#0200,Just put it back before you leave.,離開前記得把它放回去就好。,
629,028:LS#0201,"Thanks, sweetie.",謝謝你，親愛的。,
630,028:LS#0201,Glad you remembered how to do it.,很高興你還記得怎麼做。,
631,028:LS#0204,Looks a lot more comfortable.,看起來舒服多了。,
632,028:LS#0205,This pile's already spun that way.,這堆已經編織成這樣了。,
633,028:LS#0206,Fast asleep.,睡得正香。,
634,028:LS#0207,It's already wide awake.,已經完全清醒了。,
635,028:LS#0208,It's already sound asleep.,已經熟睡了。,
636,028:LS#0209,Yawn! That nap made me hungry.,哈欠！剛那一覺讓我肚子餓了。,
637,028:LS#0210,Yawn!,哈欠,
638,028:LS#0212,Uh-oh. It's snoring on the straw!,呃喔。牠在稻草上打呼呢！,
639,028:LS#0212,Eeeek! Fire!,哇塞！火！,
640,028:LS#0214,That draft won't work on the dragon.,這織法對龍不起作用。,
641,028:LS#0215,Eeeek! Fire!,哇塞！火！,
642,028:LS#0215,Put it out! PUT IT OUT!,快撲滅！把它撲滅！,
643,028:LS#0215,"That was NOT funny, young man.",這一點都不好笑，年輕人。,
644,028:LS#0215,We do NOT approve.,我們可不贊成這樣。,
645,028:LS#0216,That draft won't work on the gold.,該織法不適用於黃金。,
646,028:LS#0217,That draft won't work on the straw.,這織法對稻草不起作用。,
647,028:SC#0074,"Well, well. Silly me.",好吧…真是我太蠢了。,
648,028:SC#0074,This is what I get for being in a hurry.,這就是我太著急的下場。,
649,028:SC#0074,Thought you felt a little scrawny.,我想你覺得自己有點骨瘦如柴吧。,
650,028:SC#0075,"Can't keep your eyes off me, eh?",你的視線就是離不開我，對吧？,
651,028:SC#0075,Where'd you get your manners?\255\001Stop staring at me! Really!,你到底懂不懂規矩？\255\001別再盯著我看了！真是的！,
652,028:SC#0075,Was I staring? Sorry.,我在盯著看嗎？抱歉。,
653,028:SC#0075,"Aw, forget it. Don't pay any\255\001attention to me.",喔，算了。不用\255\001理會我。,
654,028:SC#0075,I get crabby on an empty stomach.,我肚子餓的時候脾氣會很暴躁。,
655,028:SC#0075,Oh.,哦,
656,028:SC#0075,Are you gonna incinerate me now?,你現在要把我燒成灰嗎？,
657,028:SC#0075,Incinerate you?\255\001My! Aren't you the\255\001foxy one!\255\001\255\001You've come to the\255\001wrong lair if THAT's\255\001what you're after.,燒死你？\255\001哇塞！你還真是個\255\001狡猾的小傢伙！\255\001\255\001如果你想找死，\255\001那你可來錯\255\001巢穴了。,
658,028:SC#0075,"Listen, sweetie.\255\001I haven't done\255\001FIRE since my last\255\001mating season.\255\001\255\001And you don't WANT\255\001to know how long\255\001ago THAT was.",聽著，親愛的。\255\001自從我上一次的\255\001交配季節後，我就再也沒\255\001噴過火了。\255\001\255\001而你絕對不會想\255\001知道那已經是\255\001多久以前的事了。,
659,028:SC#0075,Those little tongues\255\001of flame running up\255\001and down my nostrils?\255\001Please!\255\001\255\001Too much heat for\255\001this old reptile.,那些火舌\255\001在我的鼻孔裡\255\001竄上竄下的？\255\001拜託！\255\001\255\001那對這隻老爬蟲類來說\255\001實在太熱了。,
660,028:SC#0075,You mean you can't breathe fire?,你的意思是說你不會噴火？,
661,028:SC#0075,"WON'T, honey. Doesn't fit my lifestyle.",是不想，親愛的。這不符合我的生活方式。,
662,028:SC#0075,"Just between you and me, the stuff\255\001gives me the willies.",只在你我之間說說，那些東西\255\001讓我覺得渾身發毛。,
663,028:SC#0109,Wow!,哇！,
664,028:SC#0109,"Wondering who my decorator is, right?\255\001Well, you're looking at her.",想知道我的裝潢設計師是誰，對吧？\255\001嗯，你現在就看著她呢。,
665,028:SC#0109,This pile is SAD\255\001compared to what I\255\001USED to have lying\255\001around here.\255\001\255\001I picked up a load of\255\001crystal once that was\255\001to DIE for. Honestly!,跟這附近\255\001曾經擺放的東西\255\001比起來，\255\001這堆東西實在太可悲了。\255\001\255\001我以前曾收集過一大堆\255\001簡直美死人的\255\001水晶。說真的！,
666,028:SC#0109,"Then wouldn't you know?\255\001\255\001This third-rate wizard\255\001tries to rip apart my\255\001volcano. We're talking\255\001MAJOR earthquake here.\255\001\255\001Ruined ALL my fancy\255\001glassware. I made that\255\001boy very, VERY sorry,\255\001let me tell you.",你猜後來怎麼著？\255\001\255\001那個三流巫師\255\001竟然試圖撕裂我的\255\001火山。我們這裡可是\255\001發生了超級大地震。\255\001\255\001毀了我所有精緻的\255\001玻璃器皿。我讓那個\255\001男孩感到非常、非常後悔，\255\001告訴你吧。,
667,028:SC#0109,Did manage to save one\255\001little knickknack.\255\001\255\001The loveliest glass ball.\255\001It was SO precious.\255\001\255\001So what did I do? Ha!\255\001Lost it in the caves\255\001under the mountain.\255\001Rolled away before I\255\001could grab it.,好不容易才救下一個\255\001小擺飾。\255\001\255\001那是顆最可愛的玻璃球。\255\001它是那麼地珍貴。\255\001\255\001但我又做了什麼？哈！\255\001居然把它掉在山下的\255\001洞穴裡。\255\001還沒等我抓住，\255\001它就滾走了。,
668,028:SC#0109,Never did find that puppy.\255\001C'est la vie.,再也沒找回那個小寶貝。\255\001這就是人生啊。,
669,030:OC#0506,Can't get there from here.,從這裡無法到達那裡。,
670,031:ON#0525,sphere,法球,
671,031:OC#0525,That draft won't work on the sphere.,這織法對法球不起作用。,
672,031:ON#0523,pool,水池,
673,031:OC#0523,Plenty full enough already.,已經滿到不能再滿了。,
674,031:OC#0523,That draft won't work on the pool.,該織法不適用於泳池。,
675,031:ON#0524,dry hole,乾燥洞窟,
676,031:OC#0524,Dry as a bone.,乾得不剩一滴水,
677,031:OC#0524,Already dry as a bone.,已經乾得不剩一滴水。,
678,031:OC#0524,That draft won't work on the pool.,該織法不適用於泳池。,
679,031:LS#0200,Is that MY reflection? Ugh.,那是我的倒影嗎？呃。,
680,031:SC#0082,Guess I won't be going back that way.,我想我不會再從那裡回去了。,
681,033:ON#0542,cave,洞穴,
682,033:ON#0544,steps,階梯,
683,033:OC#0544,This arrangement's a bit more usable.,這種排列方式比較實用。,
684,033:OC#0544,Repair costs must be spiraling.,維修費用肯定要飆升了。,
685,033:OC#0544,They look twisted enough already.,它們看起來已經夠扭曲的了。,
686,033:OC#0544,Doubt if I could untwist them any more.,我懷疑自己是否還能解開它們。,
687,033:OC#0544,That draft won't work on the steps.,這織法對台階不起作用。,
688,034:ON#0561,boy@@@@@,少年@@@@,
689,034:OC#0561,He's already sound asleep.,他已經熟睡了。,
690,034:OC#0561,That draft won't work on him.,這織法對他不起作用。,
691,034:ON#0586,Rusty,生鏽,
692,034:OC#0586,Torn to pieces. Ugh.,被撕成碎片了。呃。,
693,034:OC#0586,Ugh. Don't want to look like him now!,啊。現在不想看起來像他！,
694,034:OC#0586,He's not sleeping. He's dead!,他不是睡著了。他死了！,
695,034:OC#0586,He's already sleeping. Permanently.,他已經睡著了。永遠地。,
696,034:OC#0586,That draft won't work on him.,這織法對他不起作用。,
697,034:ON#0562,grave,墳墓,
698,034:OC#0562,These grave markers are made\255\001from blocks of metal.,這些墓碑是用金屬塊做成的。,
699,034:OC#0562,Already done.,已經完成了。,
700,034:OC#0562,That draft won't work on the grave.,這織法在墳墓上不起作用。,
701,034:EN#0034,Rusty,羅斯,
702,034:EN#0034,boy@@,少年,
703,034:LS#0201,Hey! You look just like me.,嘿！你看起來就像我一樣。,
704,034:LS#0201,And you look like me.,你看起來像我。,
705,034:LS#0201,"Cute trick, Weaver.",可愛的把戲，織者。,
706,034:LS#0201,Just don't forget to switch us back\255\001when you're done fooling around.,只是別忘了在玩夠之後\255\001把我們換回來。,
707,034:LS#0201,Yawn! These robes sure are soft.,哈欠！這些長袍確實很柔軟。,
708,034:LS#0201,Why'd you wake me up again?,怎麼又把我叫醒了？,
709,034:LS#0201,"Let me sleep, will you?",讓我睡覺行嗎？,
710,034:LS#0201,Would you PLEASE let me get some sleep?,拜託讓我睡一下好嗎？,
711,034:LS#0201,Pest.,害蟲,
712,034:LS#0205,Better not wander too far.,最好不要走太遠。,
713,034:LS#0207,You're NOT leaving. I mean it!,你休想離開。我是認真的！,
714,034:LS#0207,"Oh, no you don't!",喔，你想得美！,
715,034:LS#0207,You and your stick got me into this mess.,你和你的棍子讓我陷入了困境。,
716,034:LS#0207,You're not going anywhere until\255\001you help me out!,除非你幫我解決這個麻煩，\255\001否則你哪也別想去！,
717,034:LS#0209,You did it.,你做到了。,
718,034:LS#0209,You brought me back.,你把我帶回來了。,
719,034:LS#0209,"That's what you want, isn't it?",這不就是你想要的嗎？,
720,034:LS#0209,You can bring people back?,你能把人帶回來？,
721,034:LS#0209,From the DEAD?,起死回生？,
722,034:LS#0209,You were hurt. I healed you.\255\001That's all.,你受傷了。我治癒了你。\255\001就這樣。,
723,034:LS#0209,I guess I ought to ... thank you.,我想我應該……謝謝。,
724,034:LS#0209,Don't. It's all my fault anyway.,不。反正都是我的錯。,
725,034:LS#0209,"Can you come with me, Bobbin?",波賓，你能跟我一起去嗎？,
726,034:LS#0209,I've gotta find out what happened\255\001to the rest of my Guild.,我得弄清楚我的公會其他成員\255\001\255\001到底發生了什麼事。,
727,034:LS#0209,Sorry. I have to do the same thing.,抱歉。我也必須去做同樣的事。,
728,034:LS#0209,"Good luck, though. And be careful.",不過還是祝你好運。千萬小心。,
729,034:LS#0209,"You too. Good luck, my ... friend.",你也是。祝你好運，我的……朋友。,
730,034:LS#0213,So I go Outside to wait for doomsday\255\001like a good little ghost.,所以我就像個乖巧的小幽靈一樣\255\001到「外頭」去等世界末日。,
731,034:LS#0213,And what do you suppose happens then?,那你覺得接下來會發生什麼事？,
732,034:LS#0216,Zzzzzz ...,茲茲茲茲..,
733,034:LS#0218,I'm not sure I should be trying that.,我不確定我該不該嘗試那個。,
734,034:SC#0085,Who's playing music? You woke me up!,誰在彈奏音樂？你把我吵醒了！,
735,034:SC#0085,Yawn! Caught me napping.,哈欠！發現我在打瞌睡。,
736,034:SC#0085,Never saw anyone dressed like you before.,以前從沒見過像你這樣打扮的人。,
737,034:SC#0085,What's your name?,你叫什麼名字？,
738,034:SC#0085,"Bobbin Threadbare, of the Weavers.",波賓·疏織，來自織者公會。,
739,034:SC#0085,"Weavers, huh?\255\001\255\001No wonder your\255\001cloak is so nice.",織者啊？\255\001\255\001難怪你的篷這麼好看。,
740,034:SC#0085,"My real name is\255\001Wellwrought, but\255\001everyone calls me\255\001Rusty.\255\001\255\001Rusty Nailbender.",我的本名是威爾羅特，但大家都叫我\255\001羅斯。\255\001\255\001羅斯·奈爾本德。,
741,034:SC#0085,I'm supposed to be\255\001gathering firewood.\255\001\255\001But this plateau's\255\001been picked clean.,我本來該去收集木柴的。\255\001\255\001但這片高地的木柴，早就被撿得一乾二淨了。,
742,034:SC#0085,"What's your Guild, Rusty?",羅斯，你的公會是什麼？,
743,034:SC#0085,Follow me. I'll show you.,跟我來。我指給你看。,
744,034:SC#0085,That's us. The Guild of Blacksmiths.,那就是我們。鐵匠公會。,
745,034:SC#0085,Never would have guessed.,還真猜不到。,
746,034:SC#0085,Our city's been here since before\255\001the Shadows.,我們的城市早在「陰影」出現之前就存在了。,
747,034:SC#0085,We call it the Forge.,我們稱之為『熔爐』。,
748,034:SC#0085,So. What brings a Weaver to these parts?,所以。是什麼風把織者吹來這裡的？,
749,034:SC#0085,I'm looking for a flock of swans.\255\001Did you see any pass this way?,我在找一群天鵝。\255\001你有看到牠們從這經過嗎？,
750,034:SC#0085,"Sorry. No swans around here.\255\001Plenty of vultures, though.",抱歉。這附近沒天鵝。\255\001不過禿鷹倒是不少。,
751,034:SC#0085,Yawn! All this talk makes me sleepy.,哈欠！欠！所有這些談話讓我昏昏欲睡。,
752,034:SC#0085,Wake me if you find your swans.\255\001Never seen one before.,如果你找到你的天鵝叫醒我。\255\001以前從未見過。,
753,034:SC#0085,Rusty,羅斯,
754,034:SC#0088,That Weaver kid did this to me!,那個織者小子竟然這樣搞我！,
755,034:SC#0088,Now I have to wait Outside.,現在我必須在外面等待。,
756,034:SC#0088,If I ever get my hands on him ...,如果我能把手伸到他身上...,
757,034:SC#0088,Back to the Pattern! That was easy.,回到織圖裡！這還挺簡單的。,
758,034:SC#0088,Pity that someone has to die\255\001for me to return.,可惜得有人死掉\255\001我才能回來。,
759,034:SC#0088,Dragon. Sigh. Poor child.,龍啊。唉。可憐的孩子。,
760,034:SC#0088,Now where can Bobbin have gone?,現在波賓能去哪裡？,
761,034:SC#0088,Couldn't be there.,不可能在那裡的。,
762,034:SC#0088,Those Smiths are a suspicious lot.\255\001They'd never let a Weaver inside.,那些鐵匠生性多疑。\255\001他們絕不會讓織者進去的。,
763,034:SC#0088,Uh oh.,呃哦。,
764,034:SC#0088,Uh oh.,呃哦。,
765,034:SC#0088,Perhaps I ought to look into this.,也許我該去查查看。,
766,034:SC#0098,"Well, well. Look who's here.",哎呀，哎呀。看看是誰來了。,
767,034:SC#0098,Rusty?,羅斯,
768,034:SC#0098,My old pal. Bobbin Threadbare.,我的老相好。波賓·疏織。,
769,034:SC#0098,"Rusty, this is awful!",羅斯，這太糟糕了！,
770,034:SC#0098,How did it happen?,是怎麼發生的？,
771,034:SC#0098,"Well, Bobbin, old buddy,\255\001I think it went something\255\001like this.\255\001\255\001I'm lying here, minding\255\001my own business, when this\255\001strange new kid shows up\255\001and decides he wants to\255\001switch clothes with me.",是這樣，波賓，老兄，\255\001事情的經過大概是這樣的。\255\001\255\001我正躺在這裡，這時有個奇怪的新小子出現了，\255\001還決定他想要跟我互換衣服。,
772,034:SC#0098,"I figure, +Hey! So what?\255\001Have a little fun, right?\255\001We can always switch back\255\001again later./\255\001\255\001So this kid walks away\255\001looking just like me.\255\001\255\001Fine. Only one problem.",我想，『嘿！那又怎樣？\255\001找點樂子嘛，對吧？\255\001我們隨時都可以再換回來。』\255\001\255\001於是這小子就走掉了，\255\001看起來變得跟我一模一樣。\255\001\255\001很好。只有一個問題。,
773,034:SC#0098,The kid forgets to\255\001mention that he has a\255\001FORTY-FOOT DRAGON out\255\001to get him.\255\001\255\001And what happens when\255\001that very same dragon\255\001sees me lying here?\255\001\255\001Looking JUST LIKE YOU?,這小子忘了提他惹上了一條四十呎長的龍，\255\001正到處在找他。\255\001\255\001而當那條龍看到我躺在這裡，\255\001長得就跟你一樣時，\255\001會發生什麼事呢？,
774,034:SC#0098,I don't know what to say.,我不知道該說什麼。,
775,034:SC#0098,"Anyway, I end up like this. Dead.",總而言之，我落得這步田地。死了。,
776,034:SC#0098,Gulp.,咕嚕,
777,034:SC#0098,Some idiot rips the universe apart\255\001and hauls us all back Inside!,某個白痴撕裂了宇宙，\255\001把我們全都『拉回來』了！,
778,034:SC#0098,A lot of Dead Ones are really upset.,很多死者為此感到非常火大。,
779,034:SC#0098,That's understandable.,這是可以理解的。,
780,034:SC#0098,"In fact, some of them have decided\255\001to take over the world.",事實上，他們中有些人已經決定\255\001要接管這個世界。,
781,034:SC#0098,Starting with my hometown.,從我的家鄉開始。,
782,034:SC#0112,Still napping.,還在打瞌睡。,
783,034:SC#0112,Strange place to take a nap.,這午睡的地點還真奇怪。,
784,035:ON#0596,gate,門,
785,035:OC#0596,Wide open.,敞開。,
786,035:OC#0596,That draft won't work on the gate.,這織法對大門不起作用。,
787,035:ON#0589,gate,門,
788,035:OC#0589,Shut tight.,閉緊。,
789,035:OC#0589,It's already shut tight.,已經關得很緊了。,
790,035:OC#0589,That draft won't work on the gate.,這織法對大門不起作用。,
791,035:LS#0204,"Hail, young Nailbender!",哈囉，年輕的奈爾本德！,
792,035:LS#0204,Hail!,冰雹,
793,035:LS#0204,Stoke is looking for you.\255\001He sure looks mad!,史托克正在找你。\255\001他看起來氣炸了！,
794,035:LS#0204,You'd better get in there quickly!,你最好快點進去！,
795,035:LS#0204,Let me open the gate for you.,讓我為你開門吧。,
796,035:LS#0204,"Still out here, Nailbender?",還在外面晃啊，奈爾本德？,
797,035:LS#0204,Stoke's looking for you in there.,斯托克正在那裡找你。,
798,035:LS#0204,I'll open up for you again.,我再幫你開一次門吧。,
799,035:LS#0204,"Stoke's getting REAL mad, Nailbender!",史托克真的非常生氣了，奈爾本德！,
800,035:LS#0204,I'd get in there NOW if I were you.,如果我是你，我現在就會馬上進去。,
801,035:LS#0204,Who keeps closing this thing?,到底是誰一直把門關上？,
802,035:LS#0204,Sigh.,嘆。,
803,035:LS#0204,"You're asking for it, Nailbender.",這是你自找的，奈爾本德。,
804,035:LS#0204,Halt! Who goes there?,站住！來者何人？,
805,035:LS#0204,Just me. A friendly stranger.,是我啦。一位友善的陌生人。,
806,035:LS#0204,+A friendly stranger./ Haw!,『一位友善的陌生人。』哈！,
807,035:LS#0204,"This is a private Guild, my\255\001strange young friend.",這是一個私人公會，\255\001這位奇怪的年輕朋友。,
808,035:LS#0204,The gate opens for members only.,大門只對工會會員開放。,
809,035:LS#0204,Now go away and play somewhere else.,現在快走開，去別的地方玩。,
810,035:LS#0204,"Well, well.",好吧，好吧,
811,035:LS#0204,If it isn't the Friendly Stranger. Haw!,這不是那位友善的陌生人嗎。哈！,
812,035:LS#0204,Thought I told you to go play\255\001somewhere else.,我以為我叫你去別的地方玩了。,
813,035:LS#0204,This gate is CLOSED to strangers.\255\001Get the idea?,這扇門謝絕陌生人進入。\255\001懂了嗎？,
814,035:LS#0204,"Still around, eh?",還在啊？,
815,035:LS#0204,"You may be friendly, kid, but you're\255\001not too bright.",孩子，你也許很友善，\255\001但你腦筋似乎不太靈光。,
816,035:LS#0204,You are NOT going past this gate.\255\001Understand?,你休想通過這扇門。懂嗎？,
817,035:LS#0204,Members! Only!,僅限工會會員！,
818,035:LS#0204,Sigh.,嘆。,
819,035:LS#0204,I get all the kooks on my shift.,我當班時總會遇到一堆怪咖。,
820,035:LS#0211,Out.,出去,
821,035:LS#0211,I said OUT.,滾出去。,
822,035:LS#0211,O - U - T.,出 - 去,
823,035:LS#0211,Are you deaf? OUT!,你聾了嗎？滾出去！,
824,035:LS#0211,"Persistent, aren't you?",還真是不死心啊，是吧？,
825,037:OC#0601,I'd better not go back there dressed like this.,我最好別穿成這樣回去。,
826,037:ON#0604,woodbin,木箱,
827,037:OC#0604,It's empty.,它是空的。,
828,037:OC#0604,Full as it can get.,已滿到不能再滿,
829,037:OC#0604,It's already as full as it can get.,它已經滿到不能再滿了。,
830,037:OC#0604,It's already as empty as it can get.,它已經空得不能再空了。,
831,037:OC#0604,That draft won't work on the wood bin.,這織法對木箱不起作用。,
832,037:SC#0086,"Well, well, well.",哎呀呀。,
833,037:SC#0086,"If it isn't my faithful, TIRELESS\255\001apprentice, Rusty Nailbender.",這不是我那忠誠、不知疲倦的學徒\255\001\255\001羅斯·奈爾本德嗎。,
834,037:SC#0086,"Hello, er, Mr. Stoke.",你好，呃，史托克先生,
835,037:SC#0086,And look! He's brought me a stick of wood.,看看啊！他給我帶回了一根木柴。,
836,037:SC#0086,"Exactly ONE crooked old stick of firewood\255\001for my poor, starving furnace.",而且就只有『一根』彎曲的破木柴\255\001要來餵給我那可憐、飢餓的火爐。,
837,037:SC#0086,Firewood?,木柴？,
838,037:SC#0086,"You lazy idiot!\255\001\255\001I sent you out FOUR\255\001HOURS ago to gather\255\001firewood, and you\255\001DARE to come back with\255\001ONE LOUSY STICK?",你這個懶惰的白痴！\255\001\255\001我在『四個小時前』\255\001派你去收集木柴，\255\001結果你居然敢只拿『一根破木棍』回來？,
839,037:SC#0086,"If your father wasn't\255\001the Foreman, I'd toss\255\001YOU in the furnace.\255\001\255\001Lucky for you he's\255\001downstairs with the\255\001Bishop right now.",要不是你父親是領班，\255\001我早就把你丟進火爐裡了。\255\001\255\001算你走運，他現在正和主教在樓下。,
840,037:SC#0086,"If that furnace goes\255\001out, the Clerics'\255\001swords will be LATE.\255\001\255\001Perhaps you'd care\255\001to ask the Bishop for\255\001forgiveness in person?\255\001\255\001Happy to arrange it!",如果那個火爐熄滅了，\255\001神職人員的劍就會遲交。\255\001\255\001也許你會有興趣\255\001親自去向主教\255\001請求寬恕？\255\001\255\001我很樂意幫你安排！,
841,037:SC#0086,Give me that stick.,把那根木棍給我。,
842,037:SC#0086,I know what to do with you.,我知道該拿你怎麼辦。,
843,037:SC#0086,"I'll be back, Nailbender.",我會回來的，奈爾本德。,
844,037:SC#0086,And I won't be alone.,而且我不會是一個人。,
845,038:ON#0610,straw,稻草,
846,038:OC#0610,Guess my distaff still works.,看來我的織杖還有用。,
847,038:OC#0610,Had enough sleep for now.,現在睡得夠飽了。,
848,038:OC#0610,All the straw's been spun out already.,所有的稻草都已經紡出來了。,
849,038:OC#0610,All the gold's been spun out already.,所有的金幣都已經被轉出來了。,
850,038:OC#0610,That draft won't work on the pile.,這織法在這裡不起作用。,
851,038:ON#0616,door,門,
852,038:OC#0616,Wide open.,敞開。,
853,038:OC#0616,It's already wide open.,已經大開了。,
854,038:OC#0616,That draft won't work on the door.,這織法對門不起作用。,
855,038:ON#0617,door,門,
856,038:OC#0617,It's already closed.,已經關上了。,
857,038:OC#0617,That draft won't work on the door.,這織法對門不起作用。,
858,038:ON#0611,distaff,織杖,
859,038:OC#0611,Now I'm back in business!,現在我又可以大顯身手了！,
860,038:EN#0038,gold@,金子,
861,038:EN#0038,straw,稻草,
862,038:LS#0202,straw,稻草,
863,038:LS#0202,gold@,金子,
864,038:LS#0204,Closed.,關上了,
865,038:LS#0204,Locked. And me without a distaff!,鎖上了。而我竟然沒有織杖！,
866,038:SC#0087,Looks kinda comfortable.,看起來還蠻舒服的,
867,038:SC#0087,Yawn!,哈欠,
868,038:SC#0087,This straw must have a sleep draft\255\001spun into it.,這稻草堆一定被編入了沉睡織法,
869,038:SC#0087,Can't do much without my\255\001distaff anyway ...,反正沒織杖，我也做不了什麼事…,
870,038:SC#0087,Zzzzzz ...,茲茲茲..,
871,038:SC#0087,"Tsk, tsk, tsk.",嘖嘖嘖。,
872,038:SC#0087,"Imagine frightening a poor, defenseless\255\001old thing like me! Honestly!",竟然嚇唬像我這樣\255\001可憐又手無寸鐵的老傢伙！太過分了！,
873,038:SC#0087,"Well, I may not be much good\255\001with fire, sweetie.",嗯，我可能不太會用火，親愛的。,
874,038:SC#0087,"But young, firm MEAT is something\255\001I can REALLY sink my teeth into!",但…我喜歡吃…年輕、緊實的肉！,
875,038:SC#0087,Huh?,啊？,
876,038:SC#0087,My robe's not reflecting anymore.,我的長袍已經沒有偽裝效果了。,
877,038:SC#0087,Something must've happened to Rusty.,羅斯肯定出事了。,
878,038:SC#0087,Hope he's okay.,希望他沒事。,
879,038:SC#0087,Look at this.,看看這個。,
880,038:SC#0087,One stick of wood left.\255\001One!,還剩下…\255\001一根木頭！,
881,038:SC#0087,Furnace won't keep much longer.,火爐撐不了多久了…,
882,038:SC#0087,"Ten thousand swords to forge,\255\001and the furnace almost cold!",還有一萬把劍等著鍛造，火爐卻快熄滅了！,
883,038:SC#0087,Sigh.,嘆。,
884,038:SC#0087,Here goes my new office furniture.,這下我的新辦公傢俱泡湯了。,
885,038:SC#0087,The things I go through ...,我遭遇的這些事啊…,
886,038:SC#0087,What would Elder Atropos say if\255\001he saw his distaff treated so?,要是阿特羅波斯長老看到\255\001他的織杖被這樣對待，他會怎麼說？,
887,038:SC#0087,Got it! Mustn't singe the feathers.,拿到了！可不能把羽毛給燒焦了。,
888,041:ON#0633,sword,劍,
889,041:OC#0633,Thank goodness he stopped banging on it!,謝天謝地，他終於不再敲打它了！,
890,041:OC#0633,That draft won't work on the sword.,這織法對劍不起作用。,
891,041:ON#0634,sword,劍,
892,041:OC#0634,That's gonna be one nasty sword when\255\001he's done banging on it.,等他敲打完後，\255\001那將會是一把極其兇狠的劍。,
893,041:ON#0632,conversation,對話,
894,041:OC#0632,Hard to be nosy with all this noise!,這麼吵，實在很難偷聽！,
895,041:OC#0632,Good thing they have to shout\255\001to hear themselves.,好在他們必須用吼的\255\001才能聽見彼此的聲音。,
896,041:ON#0631,conversation,對話,
897,041:LS#0200,"The final blade is being sharpened\255\001even as we speak, Your Excellency.",就在我們說話的同時，最後的刀刃\255\001也正在磨礪中，閣下。,
898,041:LS#0200,My most skillful bladeshaper is\255\001seeing to it personally.,我最熟練的鑄劍師\255\001正在親自監督。,
899,041:LS#0200,"Then this is an historic moment,\255\001Foreman Nailbender.",那麼這將是個歷史性的時刻，\255\001奈爾本德領班。,
900,041:LS#0200,The forging of the ten thousandth sword\255\001marks the end of our preparations.,第一萬把劍的鍛造，\255\001標誌著我們準備工作的完成。,
901,041:LS#0200,"How goes the sharpening, Edgewise?",磨刃進度如何，艾奇懷斯？,
902,041:LS#0200,"This metal is proud, Foreman!\255\001It does not yield easily.",這塊金屬很傲骨，領班！\255\001它沒那麼容易屈服。,
903,041:LS#0200,"More sweat will soften it, I trust?",更多的汗水能軟化它吧，我相信？,
904,041:LS#0200,It shall be a blade to be reckoned with!,這將是一把不容小覷的利刃！,
905,041:LS#0200,+The Blade of Reckoning./ I like it.,『清算之刃。』我喜歡這個名字。,
906,041:LS#0200,It has a certain apocalyptic flair.,它帶著一種世界末日的氣息。,
907,041:LS#0200,I assume your bladeshaper won't\255\001keep me waiting much longer?,我猜你的鑄劍師不會\255\001讓我等太久吧？,
908,041:LS#0200,"Does the metal yield, Edgewise?",金屬屈服了嗎，艾奇懷斯？,
909,041:LS#0200,I shall pound it into submission!,我要把它敲打到屈服為止！,
910,041:LS#0200,Harder pounding may shorten your labor.\255\001Our generous client grows impatient.,更用力的敲擊或許能縮短你的工時。\255\001我們慷慨的客戶已經開始不耐煩了。,
911,041:LS#0200,Only time can shape such noble steel.\255\001But I will double my efforts!,只有時間才能塑造出如此高貴的鋼材。\255\001但我會加倍努力的！,
912,041:LS#0200,"Skulls will cleave at the mere sight of\255\001the edge he is sharpening, Bishop!",只要一看到他正在磨礪的這把利刃，\255\001頭骨都會自行裂開，主教！,
913,041:LS#0200,"You wax poetic, Foreman.",你真有詩意，領班。,
914,041:LS#0200,I have never doubted the workmanship\255\001of your merchandise.,我從未懷疑過\255\001你們商品的做工。,
915,041:LS#0200,"In fact, you Blacksmiths have caused me\255\001less trouble than any other Guild.",事實上，你們鐵匠給我帶來的麻煩\255\001比任何其他公會都少。,
916,041:LS#0200,Your loyal service will not be forgotten\255\001in the hour of judgement soon to come.,你們的忠誠服務將不會被遺忘，\255\001在即將到來的審判時刻。,
917,041:LS#0204,Foreman! What evil is this?,領班！這是什麼邪門歪道？,
918,041:LS#0204,A witch's curse has befallen the blade!,有女巫的詛咒降臨在這把劍上了！,
919,041:LS#0204,The edge has been mischievously twisted!,劍刃被惡意扭曲了！,
920,041:LS#0204,The edge has been mischievously blunted!,劍刃被惡作劇給弄鈍了！,
921,041:LS#0204,"A curse, Edgewise? I think not.",詛咒，艾奇懷斯？我看不見得。,
922,041:LS#0204,I'd hate to believe that a witch's curse\255\001could so thoroughly ruin my schedule.,我可不相信女巫的詛咒\255\001能徹底搞砸我的計畫。,
923,041:LS#0204,You don't suppose that fellow who's been\255\001spying on us has anything to do with it?,你難道不認為那個一直\255\001在偷窺我們的人與此有關嗎？,
924,041:LS#0204,Perhaps he'd care to accompany me back\255\001to my cathedral.,也許他會很樂意陪我回\255\001我的大教堂去。,
925,041:LS#0204,I may have new curses to teach him.,我也許有新的『詛咒』可以教教他。,
926,041:LS#0205,Maybe that isn't such a good idea.,也許這不是個好主意。,
927,041:LS#0210,"Still pounding, Edgewise?",還在敲啊，艾奇懷斯？,
928,041:LS#0210,Edgewise! Is that blade sharp yet?,艾奇懷斯！那把劍磨利了嗎？,
929,041:LS#0210,His Excellence awaits your pleasure!,閣下正在等著验收呢！,
930,041:LS#0210,"It is nearly finished, Foreman!",快完成了，領班！,
931,041:LS#0210,Must I wait much longer?,我還要等很久嗎？,
932,041:LS#0210,"Only time can improve this fearsome\255\001blade, O Reverent One.",只有時間才能讓這把駭人的利刃\255\001更加完美，尊貴的大人。,
933,041:LS#0210,Enough talk. Pound!,少廢話。繼續敲！,
934,041:LS#0210,Not as sharp as my skill can make it!,還沒達到我技術所能及的最鋒利程度！,
935,041:LS#0210,How will you know when it's finished?,那你怎麼知道什麼時候才算完成？,
936,041:LS#0210,"The steel will ring out its defeat,\255\001Most Exalted One.",這鋼鐵會發出屈服的清脆聲響，\255\001至高無上的大人。,
937,041:LS#0210,"Make it ring, then! Pound harder!",那就讓它響吧！敲大力點！,
938,041:LS#0210,Shall we crown the Bishop's hilt with\255\001less than the finest of blades?,我們怎能用次等刀刃\255\001來裝配主教的劍柄呢？,
939,041:LS#0210,"I appreciate your artistry, Edgewise.\255\001But can't you speed things up a bit?",我很欣賞你的工藝，艾奇懷斯。\255\001但你就不能加快一點速度嗎？,
940,041:LS#0210,"Good metal rewards patience,\255\001Inextinguishable One.",好金屬會回報你的耐心，\255\001不滅的大人。,
941,041:LS#0210,Our clients reward quick service! POUND!,我們的客戶會回報快速的服務！敲！,
942,043:ON#0641,Cob,科,
943,043:OC#0641,"Going somewhere, Weaver boy?",要去哪裡嗎，織者男孩？,
944,043:OC#0641,"Charming fellow, aren't you?",真是個討人喜歡的傢伙，是吧？,
945,043:ON#0643,cage,籠,
946,043:OC#0643,Closed. And locked.,關上了。並鎖定。,
947,043:OC#0643,It's already closed tight.,已經關得很緊了。,
948,043:OC#0643,That draft won't work on the cage.,這織法對籠子不起作用。,
949,043:ON#0642,beast,獸,
950,043:OC#0642,Looks hungry.,看起來很餓。,
951,043:ON#0640,sphere,法球,
952,043:OC#0640,That draft won't work on the sphere.,這織法對法球不起作用。,
953,043:ON#0650,orb,球,
954,043:SC#0090,Allow me to introduce myself.,請容許我自我介紹一下。,
955,043:SC#0090,"I am Bishop Mandible, Transultimate Apostle\255\001of the Antisecular Conclave of Clerics.",我是曼迪布爾主教，神職人員\255\001反世俗秘密會議的終極使徒。,
956,043:SC#0090,Am I supposed to kneel or something?,我是不是該跪下什麼的？,
957,043:SC#0090,"Silence, prisoner!",安靜，囚犯！,
958,043:SC#0090,"My assistant, Cob.",我的助手，柯布。,
959,043:SC#0090,Charming.,真迷人,
960,043:SC#0090,Your cloak and staff\255\001betray your origin.\255\001\255\001I studied the lore\255\001of your Guild at\255\001university.,你的斗篷和法杖\255\001暴露了你的來歷。\255\001\255\001我在大學時\255\001研究過關於你們公會\255\001的傳說。,
961,043:SC#0090,It's been quite a\255\001long time since any\255\001Weaver dared to set\255\001foot off that dreary\255\001rock you call home.\255\001\255\001+Loom./\255\001\255\001So provincial.,已經有相當\255\001長的一段時間，\255\001沒有任何織者敢踏出\255\001那個你們稱之為家的\255\001沉悶岩島了。\255\001\255\001『盧姆島。』\255\001\255\001真是鄉下地方。,
962,043:SC#0090,I can't help but\255\001wonder what impelled\255\001you to leave it now.,我不禁好奇\255\001是什麼驅使你\255\001現在離開那裡的。,
963,043:SC#0090,His Excellency asked you a question!,閣下在問你話！,
964,043:SC#0090,I know. I'm ignoring it.,我知道。我選擇無視他。,
965,043:SC#0090,Ah. Recalcitrance. I see.,啊。桀驁不馴。我懂了。,
966,043:SC#0090,"Shall I fetch the Instruments of\255\001Persuasion, Excellence?",我去拿那些『說服工具』\255\001好嗎，閣下？,
967,043:SC#0090,Forgive the hostility of my assistant.\255\001I fear Cob is not very worldly.,請原諒我助手的敵意。\255\001恐怕柯布沒見過什麼世面。,
968,043:SC#0090,He does not realize how dangerous\255\001a Weaver can be.,他不知道一名\255\001織者能有多危險。,
969,043:SC#0090,Dangerous?,危險？,
970,043:SC#0090,HIM?,他？,
971,043:SC#0090,Do you think this iron cage of yours\255\001is enough to hold the boy captive?,你以為你這個鐵籠子\255\001關得住這個男孩嗎？,
972,043:SC#0090,"Why, he could burst it wide open\255\001with hardly a second thought.",要知道，他根本連想都不用想\255\001就能輕易把它打開。,
973,043:SC#0090,But Excellence! I inspect the locks\255\001every Tuesday!,但是閣下！我每個星期二\255\001都有檢查鎖啊！,
974,043:SC#0090,"Observe and learn, my servant.",仔細看著學學吧，我的僕人。,
975,043:SC#0090,"Even now, your prisoner plans his escape.",即使是現在，你的囚犯也正在計畫逃跑。,
976,043:SC#0091,I already opened it.,我已經打開了。,
977,043:SC#0091,"You see, Cob? An elusive breed,\255\001these Weavers.",看到了嗎，柯布？，\255\001這些織者真是難以捉摸,
978,043:SC#0091,"Luckily, they are quite helpless\255\001without their weaving sticks.",幸運的是，如果他們沒有編織木棍，\255\001就毫無反抗之力了。,
979,043:SC#0091,Give me that!,把它給我！,
980,043:SC#0091,You dare raise your voice\255\001at His Excellency?,你竟敢對閣下\255\001大聲嚷嚷？,
981,043:SC#0091,"Now, now, Cob! We mustn't be\255\001rude to our guest.",好了，好了，柯布！我們不該\255\001對我們的客人無禮。,
982,043:SC#0091,Not after he was kind enough to bring\255\001us such a magnificent gift.,尤其在他好心為我們帶來\255\001這麼一份大禮之後。,
983,043:SC#0091,Mandible! That distaff will\255\001never work for you.,曼迪布爾！那把織杖永遠不會為你效力的。,
984,043:SC#0091,"You are wrong, my arrogant young friend.",你錯了，我傲慢的年輕朋友。,
985,043:SC#0091,Come. Let me show you why.,來。讓我示範給你看為什麼。,
986,043:SC#0091,You heard the Exalted One. Move it!,你聽到至高無上者的命令了。走！,
987,043:SC#0091,Consider the common graveyard.,想想普通的墓園吧。,
988,043:SC#0091,"In a graveyard, the boundary between the\255\001Living and the Dead is ... indistinct.",在墓園裡，\255\001生與死之間的界線是…模糊的。,
989,043:SC#0091,You Weavers would say that the Pattern\255\001here is fragile. Thin as gauze.,你們織者會說這裡的織圖\255\001很脆弱。薄如輕紗。,
990,043:SC#0091,Not just here. Every graveyard is like that.,不只是這裡。每個墓園都是如此。,
991,043:SC#0091,I suspected as much.,我本來就這麼懷疑了。,
992,043:SC#0091,"Now, imagine what might happen if this\255\001delicate boundary was somehow breached.",現在，想像一下如果這道\255\001脆弱的界線被打破了，會發生什麼事。,
993,043:SC#0091,"+Torn open,/ so to speak.",可以說是『被撕開』。 /,
994,043:SC#0091,"Forget it, Mandible.",死了這條心，曼迪布爾,
995,043:SC#0091,You can't just rip the Pattern\255\001apart like an old rag.,你不能就這樣把織圖\255\001像塊破布一樣撕碎。,
996,043:SC#0091,"But I can. I can!\255\001\255\001All I require is a\255\001Weaver's distaff, and\255\001the four threads of\255\001an Opening draft.\255\001\255\001Thank you for supplying\255\001both so readily.",但我可以。我可以！\255\001\255\001我只需要一把\255\001織者的織杖，以及\255\001『開啟』織法的四個音符。\255\001\255\001謝謝你這麼輕易地\255\001就把這兩樣東西都交給了我。,
997,043:SC#0091,"When the boundary is\255\001breached, the Dead\255\001will stream back onto\255\001the plane of the Living,\255\001eager to reclaim their\255\001place among us!\255\001\255\001And I will be waiting\255\001for them. Ready to offer\255\001my vast expertise in\255\001spiritual leadership.",當界線被\255\001打破，死者\255\001將如潮水般湧回\255\001生者的世界，\255\001渴望奪回他們\255\001在我們之中的地位！\255\001\255\001而我將會等待\255\001他們。準備獻上\255\001我在精神領導方面\255\001豐富的專業知識。,
998,043:SC#0091,I shall preside over\255\001a teeming multitude\255\001of restless shades.\255\001\255\001Immortal. Invincible.\255\001\255\001An Army of the Dead!\255\001With myself as its\255\001supreme commander.,我將統御\255\001這成千上萬\255\001躁動不安的幽魂。\255\001\255\001不朽。無敵。\255\001\255\001一支亡靈大軍！\255\001而我將是他們\255\001最高指揮官。,
999,043:SC#0091,An army nourished by the\255\001meat of the Shepherds.,一支以牧羊人的肉\255\001為食的軍隊。,
1000,043:SC#0091,Armed with the swords\255\001of the Blacksmiths.,裝備著鐵匠們\255\001打造的利劍。,
1001,043:SC#0091,And guided by the\255\001Sphere of the Glassmakers!,並由玻璃工匠們的\255\001法球來指引！,
1002,043:SC#0091,"I was preparing to invoke the Dead\255\001by other, more forceful means.",我本來打算用其他更強硬的手段\255\001來召喚死者。,
1003,043:SC#0091,Then the Glassmakers delivered my Sphere.\255\001It foretold your convenient arrival.,就在那時，玻璃工匠送來了我的法球。\255\001它預示了你將會適時到來。,
1004,043:SC#0091,Now it shows me the Smiths repairing\255\001the sword you tried to ruin.,現在它讓我看到鐵匠們正在修復\255\001那把你試圖毀掉的劍。,
1005,043:SC#0091,The Age of the Clerics will soon\255\001be upon us!,神職人員的時代很快\255\001就要降臨了！,
1006,043:SC#0091,"Cob, don't let him out of your sight.",柯布，別讓他離開你的視線。,
1007,043:SC#0091,"I won't, Excellency.",遵命，閣下。,
1008,043:SC#0091,And don't let him touch anything.,而且別讓他碰任何東西。,
1009,043:SC#0091,Lord Mandible. Ruler of the Universe!,曼迪布爾大帝。宇宙的統治者！,
1010,043:SC#0091,Time to change my stationery.,是時候換換我的信箋抬頭了。,
1011,043:SC#0091,"Not so dangerous now, are you?\255\001Heh, heh, heh.",現在沒那麼危險了吧？\255\001嘿嘿嘿。,
1012,043:SC#0093,"Keep away from that, you!",給我離那東西遠點！,
1013,043:SC#0093,His Excellence said not to touch anything.,閣下吩咐過不准碰任何東西。,
1014,043:SC#0093,I wasn't going to touch it.\255\001Just looking. That's all.,我也沒想碰它。\255\001只是看看而已。就這樣。,
1015,043:SC#0093,"Just looking, eh? Hmm ...",只是看看，嗯？唔…,
1016,043:SC#0093,Tell you what.,這樣吧。,
1017,043:SC#0093,I'll let you look into the Sphere\255\001if you let ME look at something.,如果你讓我看個東西，\255\001我就讓你看看法球。,
1018,043:SC#0093,Ahem.,咳咳,
1019,043:SC#0093,What did you have in mind?,你心裡在打什麼主意？,
1020,043:SC#0093,Legends say it is\255\001death to gaze upon\255\001a Weaver uncloaked.,傳說如果看到\255\001脫下兜帽的織者，\255\001就會招致死亡。,
1021,043:SC#0093,"Naturally, we Clerics\255\001pay little heed to such\255\001foolish rumors.\255\001\255\001Still, I'm ... curious.",當然，我們神職人員\255\001才不信這種\255\001無稽之談。\255\001\255\001不過，我倒是…挺好奇的。,
1022,043:SC#0093,I'll let you look into\255\001this Sphere if you let\255\001me lift your hood.\255\001\255\001Deal?,只要你讓我掀起你的兜帽，\255\001我就讓你看這顆法球。\255\001\255\001成交？,
1023,043:SC#0093,I wouldn't try that if I were you.,如果我是你，就不會那麼做。,
1024,043:SC#0093,"Why not? There's nothing to fear under\255\001that fine robe of yours, is there?",為什麼不？你那件漂亮的長袍底下\255\001應該沒什麼好怕的，不是嗎？,
1025,043:SC#0093,"If you fear Nothing, then you'd\255\001better not touch me.",如果你『什麼都不怕』，那你\255\001最好別碰我。,
1026,043:SC#0093,"Ah, a riddle! I like riddles.",啊，打啞謎！我喜歡謎語。,
1027,043:SC#0093,"Let's answer this little riddle\255\001once and for all, shall we?",就讓我們一勞永逸地\255\001解開這個謎題吧？,
1028,043:SC#0093,No ... NO! ... AIEEEEEEEEEEE!,不…不！…啊啊啊啊啊啊啊啊！,
1029,043:SC#0093,Fools!,蠢貨！,
1030,043:SC#0093,How am I supposed to invoke the Dead\255\001with all that screaming in there?,他在那裡尖叫成那樣，\255\001我要怎麼召喚死者？,
1031,043:SC#0093,Laymen ...,門外漢…,
1032,043:SC#0093,Can't say I didn't warn him.,這可不能怪我沒警告過他。,
1033,044:ON#0653,Mandible,曼迪布爾,
1034,044:SC#0095,I see Cob is being lax in his duties.,看來柯布真是怠忽職守。,
1035,044:SC#0095,No matter. You're just in time to\255\001witness the dawn of a new era.,無所謂。你來得正好，\255\001可以見證新時代的曙光。,
1036,044:SC#0095,"You don't know what you're\255\001doing, Mandible!",你根本不知道你在做什麼，\255\001曼迪布爾！,
1037,044:SC#0095,The Pattern is worn enough already.\255\001If you rip a hole in it now ...,織圖已經夠殘破了。\255\001如果你現在在上面撕開一個洞…,
1038,044:SC#0095,Spare me your Weaver mysticism.,省省你那套織者的神秘主義吧。,
1039,044:SC#0095,No more shall the Dead envy the Living!,死者將不再嫉妒生者！,
1040,044:SC#0095,Wow! You must've opened everything\255\001within fifty miles of here!,哇！你一定是打開了\255\001方圓五十哩內所有的東西！,
1041,044:SC#0095,Including the eyes of the Dead. Behold!,包括死者之眼。看哪！,
1042,044:SC#0095,I have a very bad feeling about this.,我有種非常不祥的預感。,
1043,044:SC#0095,Who dares disturb the peace\255\001of Those Who Sleep?,誰敢打擾\255\001長眠者的安寧？,
1044,044:SC#0095,"Greetings, noble spirit.",向您致敬，高貴的靈魂。,
1045,044:SC#0095,"I am Bishop Mandible, Transultimate Apostle\255\001of the Antisecular Conclave of Clerics.",我是曼迪布爾主教，神職人員\255\001反世俗秘密會議的終極使徒。,
1046,044:SC#0095,Who have I the honor of summoning?,我有幸召喚了哪位？,
1047,044:SC#0095,EeeaaarrrRRRGH!,呃啊啊啊啊！！,
1048,044:SC#0095,I see it has been too long\255\001since my last visit.,看來距離我上次造訪\255\001已經過太久了。,
1049,045:ON#0656,distaff,織杖,
1050,045:OC#0656,Can't seem to hold on to this thing.,看來我是抓不住這東西了。,
1051,045:ON#0657,?,?,
1052,045:LS#0203,I am Chaos.,吾乃混沌。,
1053,045:LS#0203,Join me.,加入我吧,
1054,045:SC#0096,Yipes!,哇塞！,
1055,046:ON#0682,hole,洞,
1056,046:ON#0683,hole,洞,
1057,046:ON#0684,hole,洞,
1058,046:ON#0685,hole,洞,
1059,046:OC#0685,That beast looked hungry.\255\001Better stay out here!,那隻怪獸看起來很餓。\255\001還是待在外面比較好！,
1060,046:EN#0046,Looks as if my reflection threads\255\001don't work out here.,看來我的倒影織法\255\001在這裡起不了作用。,
1061,046:LS#0201,This hole is already wide open.,這個洞已經大開了。,
1062,046:LS#0202,Maybe I should do some more\255\001exploring first.,也許我該先\255\001四處探索一下。,
1063,046:LS#0204,Last hole. Now I can go after Hetchel!,最後一個洞了。現在我可以去追海切爾了！,
1064,046:LS#0205,That draft doesn't work on the hole.,這織法對這個洞不起作用。,
1065,047:ON#0697,swan,天鵝,
1066,047:OC#0697,Her eyes. Just like mine ...,她的眼睛。就像我的一樣…,
1067,047:OC#0697,That draft won't work on her.,這織法對她不起作用。,
1068,047:LS#0205,"We've been expecting you, Bobbin.",我們一直在等你，波賓。,
1069,047:LS#0205,Welcome!,歡迎！,
1070,047:LS#0205,Welcome!,歡迎！,
1071,047:LS#0205,Where am I? What is this place?,我在哪裡？這是什麼地方？,
1072,047:LS#0205,Outside the Pattern.,在織圖之外。,
1073,047:LS#0205,"Home of the Dead, and of those Transcended.",死者與超凡者的家園。,
1074,047:LS#0205,+The Shore of Wonder./,+『奇蹟海岸。』 /,
1075,047:LS#0205,"Yes, Bobbin! And you are the first\255\001to behold it with mortal eyes.",沒錯，波賓！而你是第一個\255\001用凡胎肉眼見到這裡的人。,
1076,047:LS#0205,"Good work, Bobbin! You've repaired\255\001much of that Bishop's mischief.",做得好，波賓！你已經修復了\255\001那主教惹出的大部分麻煩。,
1077,047:LS#0205,Perhaps now you can approach the Loom\255\001without being detected.,也許現在你可以悄無聲息地\255\001接近織機了。,
1078,047:LS#0205,"Excellent, my son. Only one hole\255\001awaits your attention!",太棒了，孩子。只剩下一個洞\255\001等著你去處理了！,
1079,047:LS#0205,"Well done, son! Half the holes are sealed.\255\001Soon you will be ready to continue.",做得好，孩子！一半的洞已經封上了。\255\001很快你就能準備好繼續前進了。,
1080,047:LS#0205,"Do not fail to seal all of the holes\255\001behind you, my son.",務必把你身後的洞\255\001全都封上，孩子。,
1081,047:LS#0205,You dare not approach the Loom otherwise.,否則你絕對無法靠近織機。,
1082,047:LS#0207,Bobbin! There's still one hole\255\001you have yet to seal.,波賓！還有一個洞\255\001你還沒封上。,
1083,047:LS#0207,"There are still a few holes you\255\001haven't sealed, Bobbin.",你還有幾個洞\255\001沒封上呢，波賓。,
1084,047:LS#0207,All of the holes should be sealed\255\001before you dare approach the Loom.,所有的洞都必須封上，\255\001你才有可能接近織機。,
1085,047:SC#0100,"You must have many questions, Bobbin.",你一定有很多疑問，波賓。,
1086,047:SC#0100,Perhaps I can answer some of them.,也許我能回答其中一些。,
1087,047:SC#0100,"You're the swan that came to visit me\255\001on my birthdays, aren't you?",你就是在我的生日時\255\001來看我的那天鵝，對吧？,
1088,047:SC#0100,"You saw me clearly, then!\255\001I was never quite sure.\255\001\255\001The Elders forbade me to\255\001set foot on Loom island.\255\001But they said nothing\255\001about flying over it!",看來你當時看得很清楚！\255\001我一直不太確定。\255\001\255\001長老們禁止我\255\001踏上盧姆島。\255\001但他們可沒說\255\001不能飛過去！,
1089,047:SC#0100,"Once a year, I managed\255\001to gain enough strength\255\001to pass Inside for a\255\001few brief moments.\255\001\255\001Those are the times\255\001that you saw me.",一年一次，我設法\255\001積攢足夠的力量，\255\001短暫地穿梭到『裡面』\255\001片刻。\255\001\255\001那就是你\255\001看見我的時候。,
1090,047:SC#0100,You are wondering why\255\001I should bother to\255\001visit at all ... and\255\001only on YOUR birthdays.\255\001\255\001Call it a mother's\255\001curiosity.,你一定在想為什麼\255\001我要費盡心思\255\001去探望你…而且\255\001偏偏只在『你』的生日。\255\001\255\001這就當作是身為母親的\255\001好奇心吧。,
1091,047:SC#0100,For that is who I am.,因為那就是我。,
1092,047:SC#0100,"In life, I was Lady\255\001Cygna Threadbare.\255\001\255\001Banished by the Elders\255\001for drawing an unforeseen\255\001infant out of the Loom.\255\001\255\001Seventeen long years ago.",在世時，我曾是\255\001西格娜·疏織夫人。\255\001\255\001因為從織機中織出了一個\255\001未曾預見的嬰孩，\255\001而被長老們放逐。\255\001\255\001那是漫長的十七年前了。,
1093,047:SC#0100,I've missed you ... my son.,我一直很想你…我的孩子。,
1094,047:SC#0100,Liar!,騙子,
1095,047:SC#0100,My mother is buried in the cemetery.\255\001I visit her gravestone every day!,我母親就葬在墓園裡。\255\001我每天都會去她的墓前！,
1096,047:SC#0100,"Hetchel's doing, no doubt.",那肯定是海切爾幹的好事。,
1097,047:SC#0100,She and the Elders put that there so\255\001you wouldn't ask too many questions.,她和長老們弄了那個墓碑，\255\001好讓你不會問東問西。,
1098,047:SC#0100,"Hetchel vowed to protect you forever.\255\001She loves you very much, Bobbin.",海切爾發誓會永遠保護你。\255\001她非常愛你，波賓。,
1099,047:SC#0100,But I fear her love has driven her\255\001to recklessness.,但我擔心她的這份愛驅使著她\255\001做出了魯莽之舉。,
1100,047:SC#0100,What do you mean? Where is she?,妳是什麼意思？她在哪裡？,
1101,047:SC#0100,"She has set off for\255\001the island, and\255\001the Loom Sanctuary.\255\001\255\001The Dead Ones are\255\001right behind her!",她已經動身前往\255\001島上，以及\255\001織機聖域。\255\001\255\001而死者們\255\001緊跟在後！,
1102,047:SC#0100,"Their leader knows of\255\001the Loom's power.\255\001\255\001If he learns its\255\001secrets, the Pattern\255\001itself will be his\255\001to manipulate.\255\001\255\001Who knows what havoc\255\001he might wreak?",他們的首領知道\255\001織機的力量。\255\001\255\001如果他掌握了\255\001其中的秘密，就連織圖\255\001本身都將任由他\255\001操縱。\255\001\255\001誰知道他會\255\001掀起什麼樣的浩劫？,
1103,047:SC#0100,Hetchel hopes to\255\001reach the Loom\255\001before him.\255\001\255\001She intends to\255\001destroy it!,海切爾希望能\255\001比他先一步\255\001到達織機前。\255\001\255\001她打算要\255\001摧毀它！,
1104,047:SC#0100,If Chaos doesn't\255\001consume her first.,如果混沌沒有\255\001先一步吞噬她的話。,
1105,047:SC#0100,No! I have to get back there!,不！我得趕回去！,
1106,047:SC#0100,You won't get far in that direction.\255\001The Loom lies beyond the lake.,那個方向你走不了多遠。\255\001織機在湖的另一端。,
1107,047:SC#0100,"Besides, a more subtle strategy may\255\001improve your chances of success.",此外，採用更巧妙的策略或許能\255\001提高你成功的機率。,
1108,047:SC#0100,What strategy? What should I do?,什麼策略？我該怎麼做？,
1109,047:SC#0100,The Dead Ones move between the holes your\255\001Bishop friend made in the Pattern.,死者們會透過你那位主教朋友\255\001在織圖上弄出的破洞間移動。,
1110,047:SC#0100,"If you repair those holes, it will make\255\001it harder for them to follow you.",如果你能把那些洞補起來，\255\001他們就很難追蹤你了。,
1111,049:ON#0707,Goodmold,古德莫德,
1112,049:LS#0201,I can't go this way. The exit's blocked!,我不能走這條路。出口被擋住了！,
1113,049:SC#0099,"Save your magic for the Dead Ones,\255\001Weaver boy.",把你的魔法留著對付死者吧，\255\001織者男孩。,
1114,049:SC#0099,Master Goodmold! You're still ...,古德莫德大師！你還活著…,
1115,049:SC#0099,"Alive. At the moment, yes.",活著。目前算是吧。,
1116,049:SC#0099,Master Goodmold. You're hurt.,古德莫德大師。你受傷了。,
1117,049:SC#0099,Ah. Weaver boy. Returned?,啊。織者男孩。你回來了？,
1118,049:SC#0099,"You, at least, have escaped the\255\001attention of the Dead Ones.",至少，你逃過了\255\001死者們的注意。,
1119,049:SC#0099,Crystalgard ... not so fortunate.,水晶加德…就沒那麼幸運了。,
1120,049:SC#0099,I don't understand.,我不明白。,
1121,049:SC#0099,You're the keepers of the Great Scythe!\255\001Why didn't you use it?,你們不是守護著大鐮刀嗎！\255\001為什麼不用它？,
1122,049:SC#0099,We never doubted that the Scythe\255\001could save us.,我們從不懷疑那把鐮刀\255\001能拯救我們。,
1123,049:SC#0099,Even the Dead would have fallen\255\001in the wake of its wrath!,在它的怒火之下，\255\001連死者都會倒下！,
1124,049:SC#0099,But to unleash such merciless evil would\255\001make us as cowardly as they.,但釋放如此無情的邪惡力量，\255\001只會讓我們和他們一樣懦弱。,
1125,049:SC#0099,We wished not to become like our enemy.,我們不想變得和我們的敵人一樣。,
1126,049:SC#0099,And so we stayed our hand.\255\001We knew the price.,所以我們選擇了收手。我們知道代價是什麼。,
1127,049:SC#0099,Can I do anything?,我還能幫什麼嗎？,
1128,049:SC#0099,"Remember us, my young friend.",記住我們，我年輕的朋友。,
1129,049:SC#0099,"Tell the world we fought with courage,\255\001and chose death with clarity.",告訴世人我們曾勇敢奮戰，\255\001並且澄明地選擇了死亡。,
1130,049:SC#0099,Above all else ... clarity.,最重要的是…澄明。,
1131,051:ON#0743,feather,羽毛,
1132,051:ON#0742,Dead One,死者,
1133,051:OC#0742,Close. But not close enough ...,關上了。但還不夠接近...,
1134,051:SC#0102,"Leaving so soon, Weaver boy?",這麼快就要走了嗎，織者男孩？,
1135,051:SC#0103,"No use, Bobbin. That side of the Pattern\255\001is beyond the reach of our threads now.",沒用的，波賓。織圖的那一面\255\001現在已經超出我們音符的干涉範圍了。,
1136,051:SC#0104,"Bobbin! Bobbin, you did it!",波賓！波賓，你辦到了！,
1137,051:SC#0104,"The Loom is unmade, beyond Evil's reach!",織機已被拆解，邪惡再也無法觸及了！,
1138,051:SC#0104,Ignorant fools! What have you done?,無知的蠢貨！你們做了什麼好事？,
1139,051:SC#0104,None of us can pass\255\001across this rift your\255\001Weaver mischief has\255\001so blindly created!,我們誰也無法\255\001跨越這條被你們\255\001織者盲目胡搞\255\001所製造出來的裂縫了！,
1140,051:SC#0104,"Your pious meddling\255\001has foiled my dream\255\001of an eternal empire,\255\001bound together under\255\001One Rule ...",你這自命清高的干涉\255\001毀了我建立一個\255\001受同一規則統治的\255\001永恆帝國的美夢…,
1141,051:SC#0104,... MINE!,我的帝國,
1142,051:SC#0104,"The Dead One is\255\001correct, my son.\255\001\255\001Your final draft\255\001tore the Pattern\255\001in half.",這名死者\255\001說得沒錯，孩子。\255\001\255\001你最後的織法\255\001把織圖給\255\001撕成兩半了。,
1143,051:SC#0104,This is a sad fate\255\001indeed for the\255\001innocents trapped\255\001on the other side.,對於那些\255\001受困在另一邊的\255\001無辜者來說，\255\001這確實是個悲慘的命運。,
1144,051:SC#0104,"However, it is\255\001also a chance for\255\001we on THIS side\255\001to begin a second\255\001Pattern, cleansed\255\001of wickedness!",然而，這\255\001也是我們\255\001這一邊的一個機會，\255\001得以重新開始編織\255\001沒有邪惡的\255\001第二張織圖！,
1145,051:SC#0104,Come.\255\001\255\001It is time for us\255\001to weave our\255\001destinies anew.,來吧。\255\001\255\001是時候\255\001重新編織我們的\255\001命運了。,
1146,051:SC#0104,But we can't just abandon\255\001half the universe!,但我們不能就這樣拋下\255\001半個宇宙不管啊！,
1147,051:SC#0104,I fear we have no choice.,恐怕我們別無選擇。,
1148,051:SC#0104,"Until our side of the Pattern is mended,\255\001we cannot return to the other.",直到我們這邊的織圖被修補好之前，\255\001我們是無法回到另一邊的。,
1149,051:SC#0104,Take your rightful place\255\001among us now.,現在就來站到我們之中\255\001屬於你的位置吧。,
1150,056:SC#0068,Welcome to Crystalgard.,歡迎來到水晶加德。,
1151,056:SC#0068,"I am Master Goodmold, thirty-first in\255\001the Noble Guild of Glassmakers.",我是古德莫德大師，高貴的\255\001玻璃工匠公會的第三十一任大師。,
1152,056:SC#0068,Who have I the honor of meeting?,請問閣下尊姓大名？,
1153,056:SC#0068,"My name's Bobbin. Bobbin Threadbare,\255\001of the, er, Noble Guild of Weavers.",我叫波賓。波賓·疏織，\255\001來自，呃，高貴的織者公會。,
1154,056:SC#0068,Guild of Weavers?\255\001\255\001I don't remember\255\001having a Weaver\255\001visit us before.,織者公會？\255\001\255\001我不記得\255\001以前有織者\255\001來拜訪過我們。,
1155,056:SC#0068,I see now why your\255\001fabrics are so prized.\255\001\255\001The cloak you wear\255\001is unlike anything\255\001I have ever beheld.\255\001\255\001Remarkable workmanship.,我現在明白為什麼你們的\255\001布料會如此珍貴了。\255\001\255\001你身上的這件斗篷\255\001與我見過的任何東西\255\001都不一樣。\255\001\255\001真是非凡的做工。,
1156,056:SC#0068,Crystalgard's wisdom\255\001includes many legends\255\001concerning your Guild.\255\001\255\001One is particularly\255\001strange and amusing.\255\001\255\001They say it is death\255\001to peer beneath the\255\001hood of a Weaver.,水晶加德的典籍中\255\001記載了許多關於\255\001你們公會的傳說。\255\001\255\001其中有一個特別\255\001奇怪又有趣。\255\001\255\001據說只要窺探\255\001織者的兜帽底下，\255\001就會招致死亡。,
1157,056:SC#0068,Can this be true?,這是真的嗎？,
1158,056:SC#0068,Don't know. Nobody ever tried it on me.,不知道。還沒有人在我身上試過。,
1159,056:SC#0068,Ha! An unclear reply if I ever heard one.,哈！這可真是我聽過最含糊的答案了。,
1160,056:SC#0068,We value clarity here above all else.,我們這裡最看重的就是澄明。,
1161,056:SC#0068,But fear not! Your legend is safe with us.,但別擔心！我們是不會去驗證你的傳說的。,
1162,056:SC#0068,Imagine my relief.,那我就放心了。,
1163,056:SC#0068,By the way. Did you happen to notice\255\001a flock of swans passing this way?,對了。你有沒有注意到\255\001有一群天鵝從這裡經過？,
1164,056:SC#0068,Swans?\255\001\255\001I've heard nothing\255\001of swan sightings.,天鵝？\255\001\255\001我沒聽說有任何人\255\001看到天鵝。,
1165,056:SC#0068,"The city's been so\255\001busy of late, I doubt\255\001if anyone's had time\255\001for bird-watching.",這座城市最近\255\001實在太忙了，我懷疑\255\001是不是還有人有閒情逸致\255\001去賞鳥。,
1166,056:SC#0068,"However, our Guild\255\001catalog offers a fine\255\001selection of binoculars,\255\001telescopes and other\255\001precision optics that\255\001may help you in your\255\001search for swans.",不過，我們公會的\255\001產品目錄裡有許多精良的\255\001雙筒望遠鏡、\255\001單筒望遠鏡和其他\255\001精密光學儀器，\255\001或許能對你\255\001尋找天鵝有所幫助。,
1167,056:SC#0068,Thanks. I'll browse through it later.,謝謝。我晚點會看看。,
1168,056:SC#0068,I'm sure you'll be delighted.,我相信你會滿意的。,
1169,056:SC#0068,"Look around as much as you want,\255\001Weaver Threadbare.",請隨意四處看看吧，\255\001織者疏織。,
1170,062:ON#0808,gold@,金子,
1171,062:OC#0808,People ought to clean up\255\001after themselves.,人們應該在用完後\255\001把自己的東西清理乾淨。,
1172,062:OC#0808,Gold again. What a nuisance.,又是金子。真麻煩。,
1173,062:OC#0808,Maybe I should spin this back.,也許我該把它變回來。,
1174,062:ON#0809,straw,稻草,
1175,062:OC#0809,This pile is spun.,這堆已經編織過了。,
1176,062:OC#0809,This pile hasn't been spun yet.,這堆還沒編織過。,
1177,062:OC#0809,Back to straw again.,又變回稻草了。,
1178,062:ON#0810,wheel,車輪,
1179,062:OC#0810,That draft won't work on a spinning wheel.,這織法對紡車不起作用。,
1180,062:ON#0811,wheel,車輪,
1181,062:EN#0062,gold@,金子,
1182,062:EN#0062,straw,稻草,
1183,062:EN#0062,gold@,金子,
1184,062:EN#0062,straw,稻草,
1185,062:LS#0200,This old wheel is pretty squeaky.,這舊紡車吱吱嘎嘎響得真厲害。,
1186,062:LS#0201,straw,稻草,
1187,062:LS#0201,straw,稻草,
1188,062:LS#0202,gold@,金子,
1189,062:LS#0202,gold@,金子,
1190,062:LS#0203,gold@,金子,
1191,062:LS#0203,gold@,金子,
1192,062:LS#0204,straw,稻草,
1193,062:LS#0204,straw,稻草,
1194,062:LS#0207,All the straw's been spun out\255\001of this pile.,這堆的稻草\255\001已經全被紡出來了。,
1195,062:LS#0208,All the gold's been spun out\255\001of this pile.,這堆的金子\255\001已經全被紡出來了。,
1196,062:LS#0209,That draft won't work on\255\001a pile of gold.,這織法對\255\001一堆金子不起作用。,
1197,062:LS#0210,That draft won't work on\255\001a pile of straw.,這織法對\255\001一堆稻草不起作用。,
1198,063:ON#0820,gold,金子,
1199,063:OC#0820,People ought to clean up\255\001after themselves.,人們應該在用完後\255\001把自己的東西清理乾淨。,
1200,063:OC#0820,That draft won't work on the gold.,該織法不適用於黃金。,
1201,063:ON#0821,darkness,黑暗,
1202,063:ON#0822,darkness,黑暗,
1203,063:ON#0824,gold,金子,
1204,063:LS#0201,I can't see a thing.,我什麼也看不見。,
1205,064:LS#0200,"In Memory Of\255\001LADY CYGNA THREADBARE\255\0017983-8004\255\001\255\001Destiny shall draw the Lightning\255\001Down from Heaven; roll its thunder\255\001Far across the Sea, to where I\255\001Wait upon the Share of Wonder,\255\001On the day the Sky is Opened\255\001And the Tree is split asunder.",紀念\255\001西格娜·疏織夫人\255\0017983-8004\255\001\255\001命運將引天庭之雷電；\255\001轟隆雷鳴，橫越重洋，\255\001直到我於奇蹟海岸守候之處。\255\001待到天際敞開之日，\255\001巨樹將隨之劈裂。,
1206,065:OC#0829,Can't get there from here.,從這裡無法到達那裡。,
1207,065:ON#0828,darkness,黑暗,
1208,065:OC#0828,Great. I can't see a thing.,太棒了。我什麼都看不見。,
1209,065:OC#0828,That draft won't work on the darkness.,這織法對黑暗不起作用。,
1210,066:ON#0833,myself,我,
1211,066:OC#0833,Guess I'm ready to go.,我想我準備好出發了。,
1212,066:OC#0833,That draft won't work on me.,這織法對我不起作用。,
1213,066:SC#0106,"Fly away while you can, Weaver boy.",趁還能飛，快逃吧，織者男孩。,
1214,066:SC#0106,One day we will meet again!,總有一天我們會再見面的！,
1215,066:SC#0106,Bobbin. It's time!,波賓。時間到了！,
1216,069:OC#0876,PRACTICE,學徒,
1217,069:OC#0876,PRACTICE,學徒,
1218,069:OC#0877,STANDARD,指導者,
1219,069:OC#0877,STANDARD,指導者,
1220,069:OC#0878,EXPERT,大師,
1221,069:OC#0878,EXPERT,大師,
1222,069:LS#0201,The Secret Weave is incorrect.,秘密織法錯誤。,
1223,069:LS#0201,Entering demonstration mode.,進入展示模式。,
1224,069:LS#0201,Welcome to the Age of the Great Guilds.,歡迎來到偉大公會時代。,
1225,069:LS#0203,STANDARD,指導者,
1226,069:LS#0203,PRACTICE,學徒,
1227,069:LS#0203,EXPERT,大師,
1228,069:LS#0203,Select a Proficiency Level.\255\001Refer to your Loom]^ manual for help.,選擇熟練度。\255\001如需協助，請參閱您的《Loom》手冊。,
1229,069:LS#0204,That's not right. Try again.,那不對。再試一次。,
1230,069:LS#0204,"That's not right, either. Again?",那也不對。再試一次？,
1231,069:LS#0204,The Secret Weave you entered is incorrect.\255\001Refer to your Loom]^ manual for assistance.,您輸入的秘密織法不正確。\255\001如需協助，請參閱您的《Loom》手冊。,
1232,069:LS#0204,Entering demonstration mode.,進入展示模式。,
1233,069:LS#0204,Welcome to the Age of the Great Guilds.,歡迎來到偉大公會時代。,
1234,069:LS#0205,What is the secret weave associated\255\001with this Guild and Thread?\255\001Refer to your Book of Patterns for help.,與這個公會和線程\255\001相關的秘密織法是什麼？\255\001如需協助，請參閱您的《織圖之書》。,
1235,070:EX#0070, , ,
1236,070:LS#0201,\255\007\167\000,\255\007\167\000,
1237,070:LS#0201,\255\007\005\064,\255\007\005\064,
1238,070:LS#0201,\024,\024,
1239,070:LS#0201,\255\007\005\064,\255\007\005\064,
1240,070:LS#0202,The game was saved.,遊戲已儲存。,
1241,070:LS#0202,ERROR: The game was NOT saved.,錯誤：遊戲未儲存。,
1242,070:LS#0202,ERROR: The game was NOT loaded.,錯誤：遊戲未載入。,
1243,070:LS#0202,There are no saved games on the disk.,磁碟上沒有已儲存的遊戲。,
1244,070:LS#0202,Select game to \255\002,選擇遊戲\255\002,
1245,070:LS#0202,SAVE\255\002,儲存\002,
1246,070:LS#0202,.,.,
1247,070:LS#0202,Select game to \255\002,選擇遊戲\255\002,
1248,070:LS#0202,LOAD\255\002,載入\002,
1249,070:LS#0202,.,.,
1250,070:LS#0202,Please enter a name for the saved game.,請輸入已儲存遊戲的名稱。,
1251,070:LS#0202,"You selected an empty slot, Please try again.",您選擇了一個空插槽，請重試。,
1252,070:LS#0202,"Select game to load, then select \255\002",選擇要載入的遊戲，然後選擇\255\002,
1253,070:LS#0202,OK\255\002,好\002,
1254,070:LS#0202,.,.,
1255,070:LS#0202,"Select save game slot, then type in name.",選擇儲存遊戲位置，然後輸入名稱。,
1256,070:LS#0202,"Finish typing name, press ENTER\255\001then select OK.",輸入名稱後，按 ENTER\255\001然後選擇確定。,
1257,070:LS#0202,Loading +\255\007\001\064/,載入中 +\255\007\001\064/,
1258,070:LS#0202,Saving +\255\007\001\064/,節省+\255\007\001\064/,
1259,070:LS#0202,That game is not on the disk.,該遊戲不在磁碟上。,
1260,070:LS#0202,Insert save-load disk in Drive A.\255\001Select SAVE or LOAD.,將保存載入磁碟插入磁碟機 A。\255\001選擇儲存或載入。,
1261,070:LS#0203,loome.___,讓我們創,
1262,070:LS#0204,loome.___,讓我們創,
1263,070:LS#0208,@@@@@@@@@@@@@@@@@@@@@@@@@@@@@@@@@@@@@@@@@@@@@@@@@@,@@@@@@@@@@@@@@@@@@@@@@@@@@@@@@@@@@@@@@@@@@@@@@@@@@,
1264,070:LS#0209,\255\007\000\064,\255\007\000\064,
